/****************************************************************************
** Resource object code
**
** Created by: The Resource Compiler for Qt version 6.5.3
**
** WARNING! All changes made in this file will be lost!
*****************************************************************************/

static const unsigned char qt_resource_data[] = {
  // C:/Desktop/draw/icon/DashiconsLeftright.svg
  0x0,0x0,0x0,0x98,
  0x3c,
  0x73,0x76,0x67,0x20,0x78,0x6d,0x6c,0x6e,0x73,0x3d,0x22,0x68,0x74,0x74,0x70,0x3a,
  0x2f,0x2f,0x77,0x77,0x77,0x2e,0x77,0x33,0x2e,0x6f,0x72,0x67,0x2f,0x32,0x30,0x30,
  0x30,0x2f,0x73,0x76,0x67,0x22,0x20,0x77,0x69,0x64,0x74,0x68,0x3d,0x22,0x31,0x32,
  0x38,0x22,0x20,0x68,0x65,0x69,0x67,0x68,0x74,0x3d,0x22,0x31,0x32,0x38,0x22,0x20,
  0x76,0x69,0x65,0x77,0x42,0x6f,0x78,0x3d,0x22,0x30,0x20,0x30,0x20,0x32,0x30,0x20,
  0x32,0x30,0x22,0x3e,0x3c,0x70,0x61,0x74,0x68,0x20,0x66,0x69,0x6c,0x6c,0x3d,0x22,
  0x23,0x34,0x36,0x61,0x30,0x61,0x61,0x22,0x20,0x64,0x3d,0x22,0x4d,0x33,0x20,0x31,
  0x30,0x2e,0x30,0x33,0x4c,0x39,0x20,0x36,0x76,0x38,0x7a,0x4d,0x31,0x31,0x20,0x36,
  0x6c,0x36,0x20,0x34,0x2e,0x30,0x33,0x4c,0x31,0x31,0x20,0x31,0x34,0x7a,0x22,0x2f,
  0x3e,0x3c,0x2f,0x73,0x76,0x67,0x3e,
    // C:/Desktop/draw/icon/LsArrowup.svg
  0x0,0x0,0x1,0x2b,
  0x3c,
  0x73,0x76,0x67,0x20,0x78,0x6d,0x6c,0x6e,0x73,0x3d,0x22,0x68,0x74,0x74,0x70,0x3a,
  0x2f,0x2f,0x77,0x77,0x77,0x2e,0x77,0x33,0x2e,0x6f,0x72,0x67,0x2f,0x32,0x30,0x30,
  0x30,0x2f,0x73,0x76,0x67,0x22,0x20,0x77,0x69,0x64,0x74,0x68,0x3d,0x22,0x33,0x32,
  0x22,0x20,0x68,0x65,0x69,0x67,0x68,0x74,0x3d,0x22,0x33,0x30,0x2e,0x39,0x33,0x30,
  0x33,0x36,0x32,0x31,0x31,0x36,0x39,0x39,0x31,0x36,0x34,0x35,0x22,0x20,0x76,0x69,
  0x65,0x77,0x42,0x6f,0x78,0x3d,0x22,0x30,0x20,0x30,0x20,0x37,0x31,0x38,0x20,0x36,
  0x39,0x34,0x22,0x3e,0x3c,0x70,0x61,0x74,0x68,0x20,0x66,0x69,0x6c,0x6c,0x3d,0x22,
  0x23,0x34,0x36,0x61,0x30,0x61,0x61,0x22,0x20,0x64,0x3d,0x22,0x4d,0x32,0x35,0x31,
  0x2e,0x33,0x37,0x38,0x20,0x36,0x39,0x34,0x68,0x32,0x31,0x35,0x63,0x32,0x36,0x20,
  0x30,0x20,0x34,0x35,0x2d,0x32,0x30,0x20,0x34,0x35,0x2d,0x34,0x36,0x56,0x33,0x39,
  0x38,0x68,0x31,0x37,0x30,0x63,0x31,0x36,0x20,0x30,0x20,0x32,0x38,0x2d,0x38,0x20,
  0x33,0x34,0x2d,0x32,0x33,0x63,0x32,0x2d,0x35,0x20,0x32,0x2d,0x38,0x20,0x32,0x2d,
  0x31,0x32,0x63,0x30,0x2d,0x31,0x30,0x2d,0x33,0x2d,0x31,0x38,0x2d,0x31,0x30,0x2d,
  0x32,0x35,0x6c,0x2d,0x33,0x32,0x34,0x2d,0x33,0x32,0x33,0x63,0x2d,0x31,0x31,0x2d,
  0x31,0x35,0x2d,0x33,0x36,0x2d,0x31,0x34,0x2d,0x35,0x30,0x20,0x30,0x6c,0x2d,0x33,
  0x32,0x33,0x20,0x33,0x32,0x33,0x63,0x2d,0x32,0x32,0x20,0x32,0x30,0x2d,0x37,0x20,
  0x36,0x30,0x20,0x32,0x36,0x20,0x36,0x30,0x68,0x31,0x37,0x31,0x76,0x32,0x35,0x30,
  0x63,0x30,0x20,0x32,0x36,0x20,0x31,0x38,0x20,0x34,0x36,0x20,0x34,0x34,0x20,0x34,
  0x36,0x22,0x2f,0x3e,0x3c,0x2f,0x73,0x76,0x67,0x3e,
    // C:/Desktop/draw/icon/MdiRectangleOutline.svg
  0x0,0x0,0x0,0x8f,
  0x3c,
  0x73,0x76,0x67,0x20,0x78,0x6d,0x6c,0x6e,0x73,0x3d,0x22,0x68,0x74,0x74,0x70,0x3a,
  0x2f,0x2f,0x77,0x77,0x77,0x2e,0x77,0x33,0x2e,0x6f,0x72,0x67,0x2f,0x32,0x30,0x30,
  0x30,0x2f,0x73,0x76,0x67,0x22,0x20,0x77,0x69,0x64,0x74,0x68,0x3d,0x22,0x33,0x32,
  0x22,0x20,0x68,0x65,0x69,0x67,0x68,0x74,0x3d,0x22,0x33,0x32,0x22,0x20,0x76,0x69,
  0x65,0x77,0x42,0x6f,0x78,0x3d,0x22,0x30,0x20,0x30,0x20,0x32,0x34,0x20,0x32,0x34,
  0x22,0x3e,0x3c,0x70,0x61,0x74,0x68,0x20,0x66,0x69,0x6c,0x6c,0x3d,0x22,0x23,0x34,
  0x36,0x61,0x30,0x61,0x61,0x22,0x20,0x64,0x3d,0x22,0x4d,0x34,0x20,0x36,0x76,0x31,
  0x33,0x68,0x31,0x36,0x56,0x36,0x7a,0x6d,0x31,0x34,0x20,0x31,0x31,0x48,0x36,0x56,
  0x38,0x68,0x31,0x32,0x7a,0x22,0x2f,0x3e,0x3c,0x2f,0x73,0x76,0x67,0x3e,
    // C:/Desktop/draw/icon/FluentSave32Regular.svg
  0x0,0x0,0x2,0x57,
  0x3c,
  0x73,0x76,0x67,0x20,0x78,0x6d,0x6c,0x6e,0x73,0x3d,0x22,0x68,0x74,0x74,0x70,0x3a,
  0x2f,0x2f,0x77,0x77,0x77,0x2e,0x77,0x33,0x2e,0x6f,0x72,0x67,0x2f,0x32,0x30,0x30,
  0x30,0x2f,0x73,0x76,0x67,0x22,0x20,0x77,0x69,0x64,0x74,0x68,0x3d,0x22,0x33,0x32,
  0x22,0x20,0x68,0x65,0x69,0x67,0x68,0x74,0x3d,0x22,0x33,0x32,0x22,0x20,0x76,0x69,
  0x65,0x77,0x42,0x6f,0x78,0x3d,0x22,0x30,0x20,0x30,0x20,0x33,0x32,0x20,0x33,0x32,
  0x22,0x3e,0x3c,0x70,0x61,0x74,0x68,0x20,0x66,0x69,0x6c,0x6c,0x3d,0x22,0x23,0x34,
  0x36,0x61,0x30,0x61,0x61,0x22,0x20,0x64,0x3d,0x22,0x4d,0x35,0x20,0x37,0x2e,0x35,
  0x41,0x32,0x2e,0x35,0x20,0x32,0x2e,0x35,0x20,0x30,0x20,0x30,0x20,0x31,0x20,0x37,
  0x2e,0x35,0x20,0x35,0x48,0x39,0x76,0x34,0x2e,0x35,0x61,0x32,0x2e,0x35,0x20,0x32,
  0x2e,0x35,0x20,0x30,0x20,0x30,0x20,0x30,0x20,0x32,0x2e,0x35,0x20,0x32,0x2e,0x35,
  0x68,0x38,0x41,0x32,0x2e,0x35,0x20,0x32,0x2e,0x35,0x20,0x30,0x20,0x30,0x20,0x30,
  0x20,0x32,0x32,0x20,0x39,0x2e,0x35,0x56,0x35,0x2e,0x30,0x34,0x61,0x32,0x2e,0x35,
  0x20,0x32,0x2e,0x35,0x20,0x30,0x20,0x30,0x20,0x31,0x20,0x31,0x2e,0x33,0x31,0x38,
  0x2e,0x36,0x39,0x32,0x6c,0x32,0x2e,0x39,0x35,0x20,0x32,0x2e,0x39,0x35,0x41,0x32,
  0x2e,0x35,0x20,0x32,0x2e,0x35,0x20,0x30,0x20,0x30,0x20,0x31,0x20,0x32,0x37,0x20,
  0x31,0x30,0x2e,0x34,0x35,0x56,0x32,0x34,0x2e,0x35,0x61,0x32,0x2e,0x35,0x20,0x32,
  0x2e,0x35,0x20,0x30,0x20,0x30,0x20,0x31,0x2d,0x32,0x20,0x32,0x2e,0x34,0x35,0x56,
  0x31,0x38,0x2e,0x35,0x61,0x32,0x2e,0x35,0x20,0x32,0x2e,0x35,0x20,0x30,0x20,0x30,
  0x20,0x30,0x2d,0x32,0x2e,0x35,0x2d,0x32,0x2e,0x35,0x68,0x2d,0x31,0x33,0x41,0x32,
  0x2e,0x35,0x20,0x32,0x2e,0x35,0x20,0x30,0x20,0x30,0x20,0x30,0x20,0x37,0x20,0x31,
  0x38,0x2e,0x35,0x76,0x38,0x2e,0x34,0x35,0x61,0x32,0x2e,0x35,0x20,0x32,0x2e,0x35,
  0x20,0x30,0x20,0x30,0x20,0x31,0x2d,0x32,0x2d,0x32,0x2e,0x34,0x35,0x7a,0x4d,0x39,
  0x20,0x32,0x37,0x76,0x2d,0x38,0x2e,0x35,0x61,0x2e,0x35,0x2e,0x35,0x20,0x30,0x20,
  0x30,0x20,0x31,0x20,0x2e,0x35,0x2d,0x2e,0x35,0x68,0x31,0x33,0x61,0x2e,0x35,0x2e,
  0x35,0x20,0x30,0x20,0x30,0x20,0x31,0x20,0x2e,0x35,0x2e,0x35,0x56,0x32,0x37,0x7a,
  0x4d,0x32,0x30,0x20,0x35,0x76,0x34,0x2e,0x35,0x61,0x2e,0x35,0x2e,0x35,0x20,0x30,
  0x20,0x30,0x20,0x31,0x2d,0x2e,0x35,0x2e,0x35,0x68,0x2d,0x38,0x61,0x2e,0x35,0x2e,
  0x35,0x20,0x30,0x20,0x30,0x20,0x31,0x2d,0x2e,0x35,0x2d,0x2e,0x35,0x56,0x35,0x7a,
  0x4d,0x37,0x2e,0x35,0x20,0x33,0x41,0x34,0x2e,0x35,0x20,0x34,0x2e,0x35,0x20,0x30,
  0x20,0x30,0x20,0x30,0x20,0x33,0x20,0x37,0x2e,0x35,0x76,0x31,0x37,0x41,0x34,0x2e,
  0x35,0x20,0x34,0x2e,0x35,0x20,0x30,0x20,0x30,0x20,0x30,0x20,0x37,0x2e,0x35,0x20,
  0x32,0x39,0x68,0x31,0x37,0x61,0x34,0x2e,0x35,0x20,0x34,0x2e,0x35,0x20,0x30,0x20,
  0x30,0x20,0x30,0x20,0x34,0x2e,0x35,0x2d,0x34,0x2e,0x35,0x56,0x31,0x30,0x2e,0x34,
  0x35,0x61,0x34,0x2e,0x35,0x20,0x34,0x2e,0x35,0x20,0x30,0x20,0x30,0x20,0x30,0x2d,
  0x31,0x2e,0x33,0x31,0x38,0x2d,0x33,0x2e,0x31,0x38,0x32,0x6c,0x2d,0x32,0x2e,0x39,
  0x35,0x2d,0x32,0x2e,0x39,0x35,0x41,0x34,0x2e,0x35,0x20,0x34,0x2e,0x35,0x20,0x30,
  0x20,0x30,0x20,0x30,0x20,0x32,0x31,0x2e,0x35,0x35,0x20,0x33,0x7a,0x22,0x2f,0x3e,
  0x3c,0x2f,0x73,0x76,0x67,0x3e,
    // C:/Desktop/draw/icon/MdiOcr.svg
  0x0,0x0,0x1,0x5f,
  0x3c,
  0x73,0x76,0x67,0x20,0x78,0x6d,0x6c,0x6e,0x73,0x3d,0x22,0x68,0x74,0x74,0x70,0x3a,
  0x2f,0x2f,0x77,0x77,0x77,0x2e,0x77,0x33,0x2e,0x6f,0x72,0x67,0x2f,0x32,0x30,0x30,
  0x30,0x2f,0x73,0x76,0x67,0x22,0x20,0x77,0x69,0x64,0x74,0x68,0x3d,0x22,0x31,0x32,
  0x38,0x22,0x20,0x68,0x65,0x69,0x67,0x68,0x74,0x3d,0x22,0x31,0x32,0x38,0x22,0x20,
  0x76,0x69,0x65,0x77,0x42,0x6f,0x78,0x3d,0x22,0x30,0x20,0x30,0x20,0x32,0x34,0x20,
  0x32,0x34,0x22,0x3e,0x3c,0x70,0x61,0x74,0x68,0x20,0x66,0x69,0x6c,0x6c,0x3d,0x22,
  0x23,0x34,0x36,0x61,0x30,0x62,0x34,0x22,0x20,0x64,0x3d,0x22,0x4d,0x32,0x20,0x35,
  0x76,0x31,0x34,0x68,0x31,0x32,0x76,0x2d,0x32,0x68,0x2d,0x32,0x63,0x2d,0x31,0x2e,
  0x31,0x31,0x20,0x30,0x2d,0x32,0x2d,0x2e,0x38,0x39,0x2d,0x32,0x2d,0x32,0x56,0x39,
  0x63,0x30,0x2d,0x31,0x2e,0x31,0x31,0x2e,0x38,0x39,0x2d,0x32,0x20,0x32,0x2d,0x32,
  0x68,0x32,0x56,0x35,0x6d,0x30,0x20,0x32,0x76,0x32,0x68,0x32,0x56,0x37,0x6d,0x2d,
  0x32,0x20,0x32,0x68,0x2d,0x32,0x76,0x36,0x68,0x32,0x6d,0x30,0x20,0x30,0x76,0x32,
  0x68,0x32,0x76,0x2d,0x32,0x4d,0x35,0x20,0x37,0x68,0x32,0x63,0x31,0x2e,0x31,0x31,
  0x20,0x30,0x20,0x32,0x20,0x2e,0x38,0x39,0x20,0x32,0x20,0x32,0x76,0x36,0x63,0x30,
  0x20,0x31,0x2e,0x31,0x31,0x2d,0x2e,0x38,0x39,0x20,0x32,0x2d,0x32,0x20,0x32,0x48,
  0x35,0x63,0x2d,0x31,0x2e,0x31,0x31,0x20,0x30,0x2d,0x32,0x2d,0x2e,0x38,0x39,0x2d,
  0x32,0x2d,0x32,0x56,0x39,0x63,0x30,0x2d,0x31,0x2e,0x31,0x31,0x2e,0x38,0x39,0x2d,
  0x32,0x20,0x32,0x2d,0x32,0x6d,0x31,0x32,0x20,0x30,0x76,0x31,0x30,0x68,0x32,0x76,
  0x2d,0x34,0x68,0x31,0x76,0x31,0x68,0x31,0x76,0x33,0x68,0x32,0x76,0x2d,0x33,0x68,
  0x2d,0x31,0x76,0x2d,0x32,0x68,0x31,0x56,0x38,0x68,0x2d,0x31,0x56,0x37,0x4d,0x35,
  0x20,0x39,0x76,0x36,0x68,0x32,0x56,0x39,0x6d,0x31,0x32,0x20,0x30,0x68,0x32,0x76,
  0x32,0x68,0x2d,0x32,0x5a,0x22,0x2f,0x3e,0x3c,0x2f,0x73,0x76,0x67,0x3e,
    // C:/Desktop/draw/icon/SimpleLineIconsSizeFullscreen.svg
  0x0,0x0,0x7,0xf4,
  0x3c,
  0x73,0x76,0x67,0x20,0x78,0x6d,0x6c,0x6e,0x73,0x3d,0x22,0x68,0x74,0x74,0x70,0x3a,
  0x2f,0x2f,0x77,0x77,0x77,0x2e,0x77,0x33,0x2e,0x6f,0x72,0x67,0x2f,0x32,0x30,0x30,
  0x30,0x2f,0x73,0x76,0x67,0x22,0x20,0x77,0x69,0x64,0x74,0x68,0x3d,0x22,0x33,0x32,
  0x22,0x20,0x68,0x65,0x69,0x67,0x68,0x74,0x3d,0x22,0x33,0x32,0x22,0x20,0x76,0x69,
  0x65,0x77,0x42,0x6f,0x78,0x3d,0x22,0x30,0x20,0x30,0x20,0x31,0x30,0x32,0x34,0x20,
  0x31,0x30,0x32,0x34,0x22,0x3e,0x3c,0x70,0x61,0x74,0x68,0x20,0x66,0x69,0x6c,0x6c,
  0x3d,0x22,0x23,0x34,0x36,0x61,0x30,0x61,0x61,0x22,0x20,0x64,0x3d,0x22,0x6d,0x36,
  0x38,0x35,0x2e,0x39,0x30,0x34,0x20,0x33,0x38,0x33,0x2e,0x31,0x38,0x34,0x6c,0x32,
  0x37,0x35,0x2e,0x32,0x36,0x34,0x2d,0x32,0x37,0x33,0x2e,0x35,0x37,0x32,0x6c,0x2d,
  0x2e,0x38,0x39,0x36,0x20,0x31,0x35,0x35,0x2e,0x30,0x37,0x32,0x63,0x2d,0x2e,0x32,
  0x38,0x39,0x20,0x31,0x32,0x2e,0x39,0x32,0x38,0x20,0x39,0x2e,0x39,0x36,0x37,0x20,
  0x32,0x34,0x2e,0x31,0x37,0x36,0x20,0x32,0x32,0x2e,0x39,0x31,0x32,0x20,0x32,0x33,
  0x2e,0x38,0x38,0x38,0x6c,0x31,0x36,0x2e,0x34,0x31,0x36,0x2d,0x2e,0x30,0x31,0x36,
  0x63,0x31,0x32,0x2e,0x39,0x34,0x34,0x2d,0x2e,0x33,0x30,0x34,0x20,0x32,0x33,0x2e,
  0x36,0x34,0x38,0x2d,0x38,0x20,0x32,0x33,0x2e,0x39,0x32,0x2d,0x32,0x30,0x2e,0x39,
  0x32,0x38,0x6c,0x2e,0x36,0x37,0x32,0x2d,0x32,0x33,0x31,0x2e,0x30,0x30,0x38,0x63,
  0x30,0x2d,0x2e,0x32,0x32,0x33,0x2d,0x2e,0x38,0x38,0x2d,0x2e,0x33,0x39,0x39,0x2d,
  0x2e,0x38,0x38,0x2d,0x2e,0x36,0x32,0x33,0x6c,0x31,0x2e,0x32,0x36,0x34,0x2d,0x31,
  0x31,0x2e,0x37,0x31,0x32,0x63,0x2e,0x31,0x32,0x38,0x2d,0x36,0x2e,0x34,0x39,0x36,
  0x2d,0x31,0x2e,0x33,0x39,0x31,0x2d,0x31,0x32,0x2e,0x32,0x38,0x38,0x2d,0x35,0x2e,
  0x35,0x38,0x34,0x2d,0x31,0x36,0x2e,0x34,0x33,0x31,0x63,0x2d,0x34,0x2e,0x31,0x34,
  0x33,0x2d,0x34,0x2e,0x31,0x37,0x36,0x2d,0x39,0x2e,0x39,0x35,0x31,0x2d,0x36,0x2e,
  0x37,0x32,0x2d,0x31,0x36,0x2e,0x34,0x2d,0x36,0x2e,0x35,0x34,0x34,0x6c,0x2d,0x31,
  0x31,0x2e,0x36,0x39,0x36,0x2e,0x32,0x37,0x32,0x63,0x2d,0x2e,0x32,0x32,0x33,0x20,
  0x30,0x2d,0x2e,0x33,0x39,0x39,0x2e,0x30,0x38,0x2d,0x2e,0x36,0x34,0x2e,0x31,0x31,
  0x33,0x4c,0x37,0x36,0x30,0x2e,0x37,0x37,0x2e,0x36,0x38,0x37,0x63,0x2d,0x31,0x32,
  0x2e,0x39,0x32,0x38,0x2e,0x32,0x38,0x38,0x2d,0x32,0x33,0x2e,0x36,0x33,0x32,0x20,
  0x31,0x30,0x2e,0x39,0x37,0x36,0x2d,0x32,0x33,0x2e,0x39,0x32,0x20,0x32,0x33,0x2e,
  0x39,0x32,0x6c,0x2d,0x2e,0x30,0x33,0x32,0x20,0x31,0x36,0x2e,0x34,0x31,0x37,0x63,
  0x31,0x2e,0x39,0x36,0x37,0x20,0x31,0x35,0x2e,0x32,0x34,0x38,0x20,0x31,0x33,0x2e,
  0x39,0x35,0x32,0x20,0x32,0x34,0x2e,0x31,0x36,0x20,0x32,0x36,0x2e,0x38,0x38,0x20,
  0x32,0x33,0x2e,0x38,0x37,0x32,0x6c,0x31,0x35,0x31,0x2e,0x32,0x34,0x38,0x2e,0x34,
  0x4c,0x36,0x34,0x30,0x2e,0x36,0x35,0x37,0x20,0x33,0x33,0x37,0x2e,0x39,0x32,0x63,
  0x2d,0x31,0x32,0x2e,0x34,0x39,0x36,0x20,0x31,0x32,0x2e,0x34,0x39,0x36,0x2d,0x31,
  0x32,0x2e,0x34,0x39,0x36,0x20,0x33,0x32,0x2e,0x37,0x35,0x32,0x20,0x30,0x20,0x34,
  0x35,0x2e,0x32,0x36,0x34,0x63,0x31,0x32,0x2e,0x34,0x39,0x36,0x20,0x31,0x32,0x2e,
  0x34,0x38,0x20,0x33,0x32,0x2e,0x37,0x35,0x32,0x20,0x31,0x32,0x2e,0x34,0x38,0x20,
  0x34,0x35,0x2e,0x32,0x34,0x37,0x20,0x30,0x4d,0x33,0x33,0x39,0x2e,0x30,0x38,0x38,
  0x20,0x36,0x34,0x30,0x2e,0x38,0x31,0x32,0x4c,0x36,0x33,0x2e,0x38,0x32,0x35,0x20,
  0x39,0x31,0x33,0x2e,0x35,0x33,0x32,0x6c,0x2e,0x38,0x38,0x2d,0x31,0x35,0x34,0x2e,
  0x32,0x32,0x34,0x63,0x2e,0x33,0x30,0x34,0x2d,0x31,0x32,0x2e,0x39,0x34,0x34,0x2d,
  0x39,0x2e,0x39,0x36,0x39,0x2d,0x32,0x34,0x2e,0x31,0x39,0x32,0x2d,0x32,0x32,0x2e,
  0x38,0x39,0x37,0x2d,0x32,0x33,0x2e,0x39,0x30,0x34,0x6c,0x2d,0x31,0x37,0x2e,0x34,
  0x32,0x33,0x2e,0x30,0x33,0x32,0x63,0x2d,0x31,0x32,0x2e,0x39,0x36,0x2e,0x33,0x32,
  0x2d,0x32,0x33,0x2e,0x36,0x34,0x39,0x20,0x38,0x2d,0x32,0x33,0x2e,0x39,0x32,0x31,
  0x20,0x32,0x30,0x2e,0x39,0x34,0x34,0x6c,0x2d,0x2e,0x36,0x37,0x32,0x20,0x32,0x33,
  0x31,0x2e,0x30,0x30,0x38,0x63,0x30,0x20,0x2e,0x32,0x32,0x34,0x2e,0x38,0x38,0x2e,
  0x33,0x36,0x37,0x2e,0x38,0x38,0x2e,0x36,0x32,0x33,0x6c,0x2d,0x31,0x2e,0x32,0x36,
  0x34,0x20,0x31,0x31,0x2e,0x36,0x38,0x63,0x2d,0x2e,0x31,0x34,0x34,0x20,0x36,0x2e,
  0x34,0x39,0x36,0x20,0x31,0x2e,0x33,0x37,0x36,0x20,0x31,0x32,0x2e,0x33,0x32,0x20,
  0x35,0x2e,0x35,0x38,0x34,0x20,0x31,0x36,0x2e,0x34,0x33,0x33,0x63,0x34,0x2e,0x31,
  0x32,0x38,0x20,0x34,0x2e,0x31,0x39,0x32,0x20,0x39,0x2e,0x39,0x35,0x32,0x20,0x36,
  0x2e,0x37,0x32,0x20,0x31,0x36,0x2e,0x33,0x38,0x34,0x20,0x36,0x2e,0x35,0x36,0x6c,
  0x31,0x31,0x2e,0x37,0x31,0x32,0x2d,0x2e,0x32,0x38,0x38,0x63,0x2e,0x32,0x32,0x33,
  0x20,0x30,0x20,0x2e,0x33,0x38,0x33,0x2d,0x2e,0x30,0x39,0x36,0x2e,0x36,0x34,0x2d,
  0x2e,0x30,0x39,0x36,0x6c,0x32,0x33,0x30,0x2e,0x34,0x39,0x35,0x20,0x31,0x2e,0x30,
  0x30,0x38,0x63,0x31,0x32,0x2e,0x39,0x32,0x38,0x2d,0x2e,0x33,0x32,0x20,0x32,0x33,
  0x2e,0x36,0x31,0x37,0x2d,0x31,0x31,0x2e,0x30,0x30,0x39,0x20,0x32,0x33,0x2e,0x39,
  0x32,0x2d,0x32,0x33,0x2e,0x39,0x33,0x36,0x6c,0x2e,0x30,0x33,0x32,0x2d,0x31,0x36,
  0x2e,0x34,0x33,0x32,0x63,0x2d,0x31,0x2e,0x39,0x36,0x37,0x2d,0x31,0x35,0x2e,0x32,
  0x31,0x36,0x2d,0x31,0x33,0x2e,0x39,0x35,0x32,0x2d,0x32,0x34,0x2e,0x31,0x36,0x2d,
  0x32,0x36,0x2e,0x38,0x38,0x2d,0x32,0x33,0x2e,0x38,0x37,0x32,0x6c,0x2d,0x31,0x35,
  0x31,0x2e,0x32,0x34,0x37,0x2d,0x2e,0x34,0x4c,0x33,0x38,0x34,0x2e,0x33,0x32,0x20,
  0x36,0x38,0x36,0x2e,0x30,0x37,0x36,0x63,0x31,0x32,0x2e,0x34,0x39,0x36,0x2d,0x31,
  0x32,0x2e,0x34,0x39,0x37,0x20,0x31,0x32,0x2e,0x34,0x39,0x36,0x2d,0x33,0x32,0x2e,
  0x37,0x35,0x32,0x20,0x30,0x2d,0x34,0x35,0x2e,0x32,0x34,0x38,0x73,0x2d,0x33,0x32,
  0x2e,0x37,0x33,0x37,0x2d,0x31,0x32,0x2e,0x35,0x31,0x32,0x2d,0x34,0x35,0x2e,0x32,
  0x33,0x33,0x2d,0x2e,0x30,0x31,0x36,0x7a,0x6d,0x36,0x38,0x35,0x2e,0x31,0x32,0x32,
  0x20,0x33,0x34,0x36,0x2e,0x35,0x36,0x6c,0x2d,0x2e,0x36,0x37,0x32,0x2d,0x32,0x33,
  0x31,0x2e,0x30,0x31,0x63,0x2d,0x2e,0x32,0x38,0x38,0x2d,0x31,0x32,0x2e,0x39,0x34,
  0x34,0x2d,0x31,0x30,0x2e,0x39,0x39,0x32,0x2d,0x32,0x30,0x2e,0x36,0x32,0x34,0x2d,
  0x32,0x33,0x2e,0x39,0x32,0x2d,0x32,0x30,0x2e,0x39,0x34,0x34,0x6c,0x2d,0x31,0x36,
  0x2e,0x34,0x31,0x36,0x2d,0x2e,0x30,0x33,0x32,0x63,0x2d,0x31,0x32,0x2e,0x39,0x34,
  0x34,0x2d,0x2e,0x32,0x38,0x39,0x2d,0x32,0x33,0x2e,0x31,0x38,0x34,0x20,0x31,0x30,
  0x2e,0x39,0x37,0x35,0x2d,0x32,0x32,0x2e,0x39,0x31,0x32,0x20,0x32,0x33,0x2e,0x39,
  0x30,0x33,0x6c,0x2e,0x38,0x39,0x36,0x20,0x31,0x35,0x35,0x2e,0x30,0x37,0x32,0x6c,
  0x2d,0x32,0x37,0x35,0x2e,0x32,0x38,0x2d,0x32,0x37,0x33,0x2e,0x35,0x35,0x32,0x63,
  0x2d,0x31,0x32,0x2e,0x34,0x39,0x36,0x2d,0x31,0x32,0x2e,0x34,0x39,0x36,0x2d,0x33,
  0x32,0x2e,0x37,0x35,0x32,0x2d,0x31,0x32,0x2e,0x34,0x39,0x36,0x2d,0x34,0x35,0x2e,
  0x32,0x34,0x38,0x20,0x30,0x73,0x2d,0x31,0x32,0x2e,0x34,0x39,0x36,0x20,0x33,0x32,
  0x2e,0x37,0x35,0x32,0x20,0x30,0x20,0x34,0x35,0x2e,0x32,0x34,0x38,0x4c,0x39,0x31,
  0x34,0x2e,0x39,0x33,0x20,0x39,0x35,0x38,0x2e,0x36,0x34,0x39,0x6c,0x2d,0x31,0x35,
  0x31,0x2e,0x32,0x33,0x32,0x2e,0x34,0x63,0x2d,0x31,0x32,0x2e,0x39,0x32,0x38,0x2d,
  0x2e,0x32,0x38,0x38,0x2d,0x32,0x34,0x2e,0x39,0x31,0x32,0x20,0x38,0x2e,0x36,0x35,
  0x37,0x2d,0x32,0x36,0x2e,0x38,0x38,0x20,0x32,0x33,0x2e,0x38,0x37,0x32,0x6c,0x2e,
  0x30,0x33,0x32,0x20,0x31,0x36,0x2e,0x34,0x33,0x32,0x63,0x2e,0x33,0x30,0x34,0x20,
  0x31,0x32,0x2e,0x39,0x34,0x34,0x20,0x31,0x31,0x2e,0x30,0x30,0x38,0x20,0x32,0x33,
  0x2e,0x36,0x33,0x33,0x20,0x32,0x33,0x2e,0x39,0x32,0x20,0x32,0x33,0x2e,0x39,0x33,
  0x36,0x6c,0x32,0x32,0x39,0x2e,0x35,0x30,0x34,0x2d,0x31,0x2e,0x30,0x30,0x37,0x63,
  0x2e,0x32,0x34,0x20,0x30,0x20,0x2e,0x34,0x31,0x36,0x2e,0x30,0x39,0x35,0x2e,0x36,
  0x34,0x2e,0x30,0x39,0x35,0x6c,0x31,0x31,0x2e,0x36,0x39,0x36,0x2e,0x32,0x38,0x38,
  0x63,0x36,0x2e,0x34,0x34,0x38,0x2e,0x31,0x36,0x20,0x31,0x32,0x2e,0x32,0x37,0x32,
  0x2d,0x32,0x2e,0x33,0x36,0x38,0x20,0x31,0x36,0x2e,0x34,0x2d,0x36,0x2e,0x35,0x36,
  0x63,0x34,0x2e,0x31,0x39,0x33,0x2d,0x34,0x2e,0x31,0x32,0x38,0x20,0x35,0x2e,0x36,
  0x39,0x36,0x2d,0x39,0x2e,0x39,0x33,0x36,0x20,0x35,0x2e,0x35,0x38,0x34,0x2d,0x31,
  0x36,0x2e,0x34,0x33,0x32,0x6c,0x2d,0x31,0x2e,0x32,0x36,0x33,0x2d,0x31,0x31,0x2e,
  0x36,0x38,0x63,0x30,0x2d,0x2e,0x32,0x35,0x35,0x2e,0x38,0x38,0x2d,0x2e,0x33,0x39,
  0x39,0x2e,0x38,0x38,0x2d,0x2e,0x36,0x32,0x32,0x7a,0x4d,0x31,0x31,0x30,0x2e,0x30,
  0x34,0x39,0x20,0x36,0x35,0x2e,0x33,0x32,0x31,0x6c,0x31,0x35,0x31,0x2e,0x32,0x36,
  0x34,0x2d,0x2e,0x33,0x39,0x37,0x63,0x31,0x32,0x2e,0x39,0x32,0x38,0x2e,0x32,0x38,
  0x38,0x20,0x32,0x34,0x2e,0x39,0x31,0x32,0x2d,0x38,0x2e,0x36,0x34,0x20,0x32,0x36,
  0x2e,0x38,0x38,0x2d,0x32,0x33,0x2e,0x38,0x37,0x33,0x6c,0x2d,0x2e,0x30,0x33,0x32,
  0x2d,0x31,0x36,0x2e,0x34,0x33,0x31,0x43,0x32,0x38,0x37,0x2e,0x38,0x34,0x20,0x31,
  0x31,0x2e,0x36,0x37,0x37,0x20,0x32,0x37,0x37,0x2e,0x31,0x35,0x2e,0x39,0x37,0x32,
  0x20,0x32,0x36,0x34,0x2e,0x32,0x34,0x2e,0x37,0x6c,0x2d,0x32,0x33,0x30,0x2e,0x35,
  0x31,0x32,0x2e,0x39,0x39,0x32,0x63,0x2d,0x2e,0x32,0x35,0x36,0x2d,0x2e,0x30,0x33,
  0x32,0x2d,0x2e,0x34,0x31,0x36,0x2d,0x2e,0x31,0x31,0x32,0x2d,0x2e,0x36,0x34,0x2d,
  0x2e,0x31,0x31,0x32,0x6c,0x2d,0x31,0x31,0x2e,0x37,0x31,0x32,0x2d,0x2e,0x32,0x37,
  0x33,0x43,0x31,0x34,0x2e,0x39,0x34,0x35,0x20,0x31,0x2e,0x31,0x33,0x32,0x20,0x39,
  0x2e,0x31,0x30,0x35,0x20,0x33,0x2e,0x36,0x37,0x36,0x20,0x34,0x2e,0x39,0x39,0x32,
  0x20,0x37,0x2e,0x38,0x35,0x31,0x43,0x2e,0x37,0x38,0x34,0x20,0x31,0x31,0x2e,0x39,
  0x39,0x35,0x2d,0x2e,0x37,0x33,0x35,0x20,0x31,0x37,0x2e,0x37,0x38,0x37,0x2d,0x2e,
  0x35,0x39,0x32,0x20,0x32,0x34,0x2e,0x32,0x38,0x33,0x4c,0x2e,0x36,0x37,0x32,0x20,
  0x33,0x35,0x2e,0x39,0x39,0x35,0x63,0x30,0x20,0x2e,0x32,0x32,0x33,0x2d,0x2e,0x38,
  0x38,0x2e,0x33,0x38,0x34,0x2d,0x2e,0x38,0x38,0x2e,0x36,0x32,0x34,0x6c,0x2e,0x36,
  0x37,0x32,0x20,0x32,0x33,0x31,0x2e,0x30,0x30,0x38,0x63,0x2e,0x32,0x38,0x38,0x20,
  0x31,0x32,0x2e,0x39,0x32,0x38,0x20,0x31,0x30,0x2e,0x39,0x37,0x37,0x20,0x32,0x30,
  0x2e,0x36,0x32,0x34,0x20,0x32,0x33,0x2e,0x39,0x32,0x31,0x20,0x32,0x30,0x2e,0x39,
  0x32,0x38,0x6c,0x31,0x37,0x2e,0x34,0x32,0x34,0x2e,0x30,0x31,0x35,0x63,0x31,0x32,
  0x2e,0x39,0x32,0x38,0x2e,0x32,0x38,0x38,0x20,0x32,0x33,0x2e,0x31,0x38,0x33,0x2d,
  0x31,0x30,0x2e,0x39,0x36,0x20,0x32,0x32,0x2e,0x38,0x39,0x35,0x2d,0x32,0x33,0x2e,
  0x38,0x38,0x38,0x6c,0x2d,0x2e,0x38,0x38,0x2d,0x31,0x35,0x34,0x2e,0x32,0x32,0x34,
  0x6c,0x32,0x37,0x35,0x2e,0x32,0x36,0x34,0x20,0x32,0x37,0x32,0x2e,0x37,0x32,0x63,
  0x31,0x32,0x2e,0x34,0x38,0x20,0x31,0x32,0x2e,0x34,0x39,0x37,0x20,0x33,0x32,0x2e,
  0x37,0x35,0x33,0x20,0x31,0x32,0x2e,0x34,0x39,0x37,0x20,0x34,0x35,0x2e,0x32,0x35,
  0x20,0x30,0x73,0x31,0x32,0x2e,0x34,0x39,0x36,0x2d,0x33,0x32,0x2e,0x37,0x36,0x38,
  0x20,0x30,0x2d,0x34,0x35,0x2e,0x32,0x36,0x34,0x7a,0x22,0x2f,0x3e,0x3c,0x2f,0x73,
  0x76,0x67,0x3e,
    // C:/Desktop/draw/icon/MemoryRotateClockwise.svg
  0x0,0x0,0x1,0x1f,
  0x3c,
  0x73,0x76,0x67,0x20,0x78,0x6d,0x6c,0x6e,0x73,0x3d,0x22,0x68,0x74,0x74,0x70,0x3a,
  0x2f,0x2f,0x77,0x77,0x77,0x2e,0x77,0x33,0x2e,0x6f,0x72,0x67,0x2f,0x32,0x30,0x30,
  0x30,0x2f,0x73,0x76,0x67,0x22,0x20,0x77,0x69,0x64,0x74,0x68,0x3d,0x22,0x31,0x32,
  0x38,0x22,0x20,0x68,0x65,0x69,0x67,0x68,0x74,0x3d,0x22,0x31,0x32,0x38,0x22,0x20,
  0x76,0x69,0x65,0x77,0x42,0x6f,0x78,0x3d,0x22,0x30,0x20,0x30,0x20,0x32,0x32,0x20,
  0x32,0x32,0x22,0x3e,0x3c,0x70,0x61,0x74,0x68,0x20,0x66,0x69,0x6c,0x6c,0x3d,0x22,
  0x23,0x34,0x36,0x61,0x30,0x61,0x61,0x22,0x20,0x64,0x3d,0x22,0x4d,0x32,0x32,0x20,
  0x31,0x31,0x76,0x31,0x68,0x2d,0x31,0x76,0x31,0x68,0x2d,0x31,0x76,0x31,0x68,0x2d,
  0x31,0x76,0x31,0x68,0x2d,0x32,0x76,0x2d,0x31,0x68,0x2d,0x31,0x76,0x2d,0x31,0x68,
  0x2d,0x31,0x76,0x2d,0x31,0x68,0x2d,0x31,0x76,0x2d,0x31,0x68,0x33,0x56,0x39,0x68,
  0x2d,0x31,0x56,0x37,0x68,0x2d,0x31,0x56,0x36,0x68,0x2d,0x32,0x56,0x35,0x48,0x39,
  0x76,0x31,0x48,0x37,0x76,0x31,0x48,0x36,0x76,0x32,0x48,0x35,0x76,0x34,0x68,0x31,
  0x76,0x32,0x68,0x31,0x76,0x31,0x68,0x32,0x76,0x31,0x68,0x34,0x76,0x2d,0x31,0x68,
  0x33,0x76,0x32,0x68,0x2d,0x32,0x76,0x31,0x48,0x38,0x76,0x2d,0x31,0x48,0x36,0x76,
  0x2d,0x31,0x48,0x35,0x76,0x2d,0x31,0x48,0x34,0x76,0x2d,0x32,0x48,0x33,0x56,0x38,
  0x68,0x31,0x56,0x36,0x68,0x31,0x56,0x35,0x68,0x31,0x56,0x34,0x68,0x32,0x56,0x33,
  0x68,0x36,0x76,0x31,0x68,0x32,0x76,0x31,0x68,0x31,0x76,0x31,0x68,0x31,0x76,0x32,
  0x68,0x31,0x76,0x33,0x7a,0x22,0x2f,0x3e,0x3c,0x2f,0x73,0x76,0x67,0x3e,
    // C:/Desktop/draw/icon/CarbonErase.svg
  0x0,0x0,0x1,0x32,
  0x3c,
  0x73,0x76,0x67,0x20,0x78,0x6d,0x6c,0x6e,0x73,0x3d,0x22,0x68,0x74,0x74,0x70,0x3a,
  0x2f,0x2f,0x77,0x77,0x77,0x2e,0x77,0x33,0x2e,0x6f,0x72,0x67,0x2f,0x32,0x30,0x30,
  0x30,0x2f,0x73,0x76,0x67,0x22,0x20,0x77,0x69,0x64,0x74,0x68,0x3d,0x22,0x33,0x32,
  0x22,0x20,0x68,0x65,0x69,0x67,0x68,0x74,0x3d,0x22,0x33,0x32,0x22,0x20,0x76,0x69,
  0x65,0x77,0x42,0x6f,0x78,0x3d,0x22,0x30,0x20,0x30,0x20,0x33,0x32,0x20,0x33,0x32,
  0x22,0x3e,0x3c,0x70,0x61,0x74,0x68,0x20,0x66,0x69,0x6c,0x6c,0x3d,0x22,0x23,0x34,
  0x36,0x61,0x30,0x61,0x61,0x22,0x20,0x64,0x3d,0x22,0x4d,0x37,0x20,0x32,0x37,0x68,
  0x32,0x33,0x76,0x32,0x48,0x37,0x7a,0x6d,0x32,0x30,0x2e,0x33,0x38,0x2d,0x31,0x36,
  0x2e,0x34,0x39,0x6c,0x2d,0x37,0x2e,0x39,0x33,0x2d,0x37,0x2e,0x39,0x32,0x61,0x32,
  0x20,0x32,0x20,0x30,0x20,0x30,0x20,0x30,0x2d,0x32,0x2e,0x38,0x33,0x20,0x30,0x6c,
  0x2d,0x31,0x34,0x20,0x31,0x34,0x61,0x32,0x20,0x32,0x20,0x30,0x20,0x30,0x20,0x30,
  0x20,0x30,0x20,0x32,0x2e,0x38,0x33,0x4c,0x37,0x2e,0x31,0x33,0x20,0x32,0x34,0x68,
  0x39,0x2e,0x35,0x39,0x6c,0x31,0x30,0x2e,0x36,0x36,0x2d,0x31,0x30,0x2e,0x36,0x36,
  0x61,0x32,0x20,0x32,0x20,0x30,0x20,0x30,0x20,0x30,0x20,0x30,0x2d,0x32,0x2e,0x38,
  0x33,0x4d,0x31,0x35,0x2e,0x38,0x39,0x20,0x32,0x32,0x48,0x38,0x6c,0x2d,0x34,0x2d,
  0x34,0x6c,0x36,0x2e,0x33,0x31,0x2d,0x36,0x2e,0x33,0x31,0x6c,0x37,0x2e,0x39,0x33,
  0x20,0x37,0x2e,0x39,0x32,0x7a,0x6d,0x33,0x2e,0x37,0x36,0x2d,0x33,0x2e,0x37,0x36,
  0x6c,0x2d,0x37,0x2e,0x39,0x32,0x2d,0x37,0x2e,0x39,0x33,0x4c,0x31,0x38,0x20,0x34,
  0x6c,0x38,0x20,0x37,0x2e,0x39,0x33,0x7a,0x22,0x2f,0x3e,0x3c,0x2f,0x73,0x76,0x67,
  0x3e,
    // C:/Desktop/draw/icon/FadSaveas.svg
  0x0,0x0,0x5,0xf5,
  0x3c,
  0x73,0x76,0x67,0x20,0x78,0x6d,0x6c,0x6e,0x73,0x3d,0x22,0x68,0x74,0x74,0x70,0x3a,
  0x2f,0x2f,0x77,0x77,0x77,0x2e,0x77,0x33,0x2e,0x6f,0x72,0x67,0x2f,0x32,0x30,0x30,
  0x30,0x2f,0x73,0x76,0x67,0x22,0x20,0x77,0x69,0x64,0x74,0x68,0x3d,0x22,0x31,0x32,
  0x38,0x22,0x20,0x68,0x65,0x69,0x67,0x68,0x74,0x3d,0x22,0x31,0x32,0x38,0x22,0x20,
  0x76,0x69,0x65,0x77,0x42,0x6f,0x78,0x3d,0x22,0x30,0x20,0x30,0x20,0x32,0x35,0x36,
  0x20,0x32,0x35,0x36,0x22,0x3e,0x3c,0x67,0x20,0x66,0x69,0x6c,0x6c,0x3d,0x22,0x23,
  0x33,0x63,0x61,0x61,0x61,0x30,0x22,0x20,0x66,0x69,0x6c,0x6c,0x2d,0x72,0x75,0x6c,
  0x65,0x3d,0x22,0x65,0x76,0x65,0x6e,0x6f,0x64,0x64,0x22,0x3e,0x3c,0x70,0x61,0x74,
  0x68,0x20,0x64,0x3d,0x22,0x4d,0x39,0x33,0x2e,0x35,0x39,0x38,0x20,0x34,0x37,0x2e,
  0x33,0x31,0x31,0x63,0x38,0x2e,0x31,0x31,0x33,0x20,0x30,0x20,0x37,0x37,0x2e,0x30,
  0x39,0x33,0x2d,0x2e,0x32,0x38,0x34,0x20,0x37,0x37,0x2e,0x30,0x39,0x33,0x2d,0x2e,
  0x32,0x38,0x34,0x63,0x32,0x2e,0x32,0x30,0x36,0x2d,0x2e,0x30,0x30,0x39,0x20,0x35,
  0x2e,0x34,0x38,0x2e,0x37,0x37,0x39,0x20,0x37,0x2e,0x33,0x30,0x36,0x20,0x31,0x2e,
  0x37,0x36,0x63,0x30,0x20,0x30,0x2d,0x31,0x2e,0x34,0x35,0x37,0x2d,0x31,0x2e,0x35,
  0x30,0x38,0x20,0x30,0x20,0x30,0x63,0x31,0x2e,0x33,0x30,0x36,0x20,0x31,0x2e,0x33,
  0x35,0x32,0x20,0x32,0x38,0x2e,0x37,0x39,0x38,0x20,0x32,0x39,0x2e,0x37,0x30,0x37,
  0x20,0x32,0x39,0x2e,0x33,0x33,0x36,0x20,0x33,0x30,0x2e,0x32,0x38,0x63,0x2e,0x35,
  0x33,0x39,0x2e,0x35,0x37,0x31,0x20,0x30,0x20,0x30,0x20,0x30,0x20,0x30,0x63,0x2e,
  0x38,0x31,0x37,0x20,0x31,0x2e,0x35,0x37,0x37,0x20,0x31,0x2e,0x34,0x34,0x20,0x35,
  0x2e,0x30,0x34,0x33,0x20,0x31,0x2e,0x34,0x34,0x20,0x37,0x2e,0x32,0x35,0x33,0x76,
  0x37,0x36,0x2e,0x36,0x31,0x34,0x63,0x30,0x20,0x35,0x2e,0x37,0x33,0x31,0x2d,0x36,
  0x2e,0x38,0x36,0x32,0x20,0x31,0x33,0x2e,0x34,0x34,0x38,0x2d,0x31,0x33,0x2e,0x34,
  0x31,0x38,0x20,0x31,0x33,0x2e,0x34,0x34,0x38,0x68,0x2d,0x38,0x2e,0x35,0x39,0x36,
  0x76,0x32,0x35,0x2e,0x30,0x33,0x38,0x63,0x30,0x20,0x34,0x2e,0x37,0x33,0x37,0x2d,
  0x31,0x2e,0x35,0x35,0x20,0x38,0x2e,0x30,0x31,0x34,0x2d,0x38,0x2e,0x37,0x36,0x32,
  0x20,0x38,0x2e,0x30,0x31,0x34,0x48,0x35,0x37,0x2e,0x31,0x30,0x32,0x63,0x2d,0x37,
  0x2e,0x37,0x39,0x36,0x20,0x30,0x2d,0x31,0x30,0x2e,0x31,0x33,0x2d,0x33,0x2e,0x30,
  0x37,0x2d,0x31,0x30,0x2e,0x31,0x33,0x2d,0x38,0x2e,0x36,0x36,0x36,0x56,0x38,0x32,
  0x2e,0x33,0x31,0x38,0x63,0x30,0x2d,0x37,0x2e,0x36,0x35,0x20,0x35,0x2e,0x31,0x35,
  0x35,0x2d,0x31,0x32,0x2e,0x32,0x30,0x35,0x20,0x39,0x2e,0x31,0x35,0x2d,0x31,0x32,
  0x2e,0x32,0x30,0x35,0x68,0x32,0x33,0x2e,0x37,0x32,0x36,0x73,0x2e,0x30,0x34,0x33,
  0x2d,0x38,0x2e,0x34,0x37,0x35,0x2e,0x30,0x34,0x33,0x2d,0x39,0x2e,0x36,0x34,0x32,
  0x63,0x30,0x2d,0x36,0x2e,0x39,0x30,0x38,0x20,0x35,0x2e,0x35,0x39,0x35,0x2d,0x31,
  0x33,0x2e,0x31,0x36,0x20,0x31,0x33,0x2e,0x37,0x30,0x37,0x2d,0x31,0x33,0x2e,0x31,
  0x36,0x4d,0x37,0x37,0x2e,0x37,0x30,0x34,0x20,0x38,0x34,0x2e,0x35,0x37,0x37,0x48,
  0x36,0x37,0x2e,0x38,0x38,0x61,0x33,0x2e,0x39,0x39,0x20,0x33,0x2e,0x39,0x39,0x20,
  0x30,0x20,0x30,0x20,0x30,0x2d,0x33,0x2e,0x39,0x39,0x33,0x20,0x33,0x2e,0x39,0x39,
  0x36,0x76,0x39,0x39,0x2e,0x37,0x39,0x35,0x61,0x33,0x2e,0x39,0x35,0x37,0x20,0x33,
  0x2e,0x39,0x35,0x37,0x20,0x30,0x20,0x30,0x20,0x30,0x20,0x33,0x2e,0x39,0x39,0x36,
  0x20,0x33,0x2e,0x39,0x36,0x39,0x6c,0x31,0x30,0x33,0x2e,0x37,0x38,0x32,0x2d,0x2e,
  0x37,0x32,0x37,0x76,0x2d,0x31,0x35,0x2e,0x31,0x38,0x32,0x73,0x2d,0x37,0x39,0x2e,
  0x39,0x39,0x38,0x2e,0x33,0x36,0x2d,0x38,0x35,0x2e,0x36,0x35,0x33,0x2e,0x33,0x36,
  0x73,0x2d,0x35,0x2e,0x36,0x35,0x35,0x2d,0x36,0x2e,0x34,0x32,0x34,0x2d,0x35,0x2e,
  0x36,0x35,0x35,0x2d,0x36,0x2e,0x34,0x32,0x34,0x6c,0x2d,0x2e,0x36,0x33,0x33,0x2d,
  0x38,0x33,0x2e,0x37,0x39,0x33,0x61,0x32,0x2e,0x30,0x32,0x36,0x20,0x32,0x2e,0x30,
  0x32,0x36,0x20,0x30,0x20,0x30,0x20,0x30,0x2d,0x32,0x2e,0x30,0x31,0x39,0x2d,0x31,
  0x2e,0x39,0x39,0x34,0x7a,0x6d,0x31,0x37,0x2e,0x34,0x36,0x33,0x2d,0x31,0x39,0x2e,
  0x34,0x37,0x32,0x76,0x39,0x32,0x2e,0x32,0x34,0x61,0x34,0x2e,0x30,0x30,0x36,0x20,
  0x34,0x2e,0x30,0x30,0x36,0x20,0x30,0x20,0x30,0x20,0x30,0x20,0x34,0x20,0x34,0x2e,
  0x30,0x30,0x38,0x6c,0x39,0x30,0x2e,0x31,0x36,0x32,0x2e,0x31,0x30,0x35,0x61,0x33,
  0x2e,0x39,0x38,0x37,0x20,0x33,0x2e,0x39,0x38,0x37,0x20,0x30,0x20,0x30,0x20,0x30,
  0x20,0x33,0x2e,0x39,0x39,0x33,0x2d,0x34,0x6c,0x2d,0x2e,0x31,0x31,0x33,0x2d,0x36,
  0x39,0x2e,0x39,0x38,0x63,0x2d,0x2e,0x30,0x30,0x32,0x2d,0x31,0x2e,0x31,0x2d,0x2e,
  0x36,0x32,0x2d,0x32,0x2e,0x36,0x34,0x31,0x2d,0x31,0x2e,0x33,0x38,0x2d,0x33,0x2e,
  0x34,0x34,0x4c,0x31,0x37,0x31,0x2e,0x35,0x38,0x20,0x36,0x32,0x2e,0x37,0x35,0x35,
  0x73,0x2d,0x2e,0x33,0x37,0x39,0x2e,0x34,0x34,0x38,0x2d,0x2e,0x33,0x37,0x39,0x20,
  0x31,0x2e,0x35,0x35,0x34,0x76,0x32,0x36,0x2e,0x30,0x35,0x33,0x63,0x30,0x20,0x32,
  0x2e,0x37,0x30,0x32,0x2d,0x34,0x2e,0x37,0x35,0x32,0x20,0x37,0x2e,0x33,0x39,0x37,
  0x2d,0x38,0x2e,0x31,0x35,0x20,0x37,0x2e,0x33,0x39,0x37,0x68,0x2d,0x34,0x38,0x2e,
  0x38,0x39,0x38,0x63,0x2d,0x33,0x2e,0x37,0x32,0x35,0x20,0x30,0x2d,0x37,0x2e,0x37,
  0x34,0x2d,0x33,0x2e,0x38,0x31,0x35,0x2d,0x37,0x2e,0x37,0x34,0x2d,0x37,0x2e,0x33,
  0x39,0x37,0x56,0x36,0x34,0x2e,0x39,0x34,0x31,0x61,0x31,0x2e,0x39,0x36,0x36,0x20,
  0x31,0x2e,0x39,0x36,0x36,0x20,0x30,0x20,0x30,0x20,0x30,0x2d,0x31,0x2e,0x39,0x39,
  0x38,0x2d,0x31,0x2e,0x39,0x36,0x34,0x6c,0x2d,0x37,0x2e,0x32,0x35,0x32,0x2e,0x30,
  0x39,0x35,0x61,0x32,0x2e,0x30,0x34,0x20,0x32,0x2e,0x30,0x34,0x20,0x30,0x20,0x30,
  0x20,0x30,0x2d,0x31,0x2e,0x39,0x39,0x37,0x20,0x32,0x2e,0x30,0x33,0x33,0x7a,0x6d,
  0x32,0x33,0x2e,0x32,0x38,0x39,0x2d,0x32,0x2e,0x36,0x31,0x76,0x32,0x31,0x2e,0x37,
  0x34,0x33,0x63,0x30,0x20,0x31,0x2e,0x31,0x31,0x32,0x2e,0x39,0x20,0x31,0x2e,0x39,
  0x39,0x38,0x20,0x32,0x2e,0x30,0x31,0x20,0x31,0x2e,0x39,0x39,0x38,0x68,0x33,0x35,
  0x2e,0x34,0x30,0x38,0x63,0x31,0x2e,0x31,0x31,0x32,0x20,0x30,0x20,0x32,0x2e,0x30,
  0x31,0x2d,0x2e,0x38,0x39,0x34,0x20,0x32,0x2e,0x30,0x31,0x2d,0x31,0x2e,0x39,0x39,
  0x38,0x56,0x36,0x32,0x2e,0x34,0x39,0x34,0x63,0x30,0x2d,0x31,0x2e,0x31,0x31,0x32,
  0x2d,0x2e,0x39,0x2d,0x31,0x2e,0x39,0x39,0x38,0x2d,0x32,0x2e,0x30,0x31,0x2d,0x31,
  0x2e,0x39,0x39,0x38,0x68,0x2d,0x33,0x35,0x2e,0x34,0x30,0x39,0x61,0x32,0x2e,0x30,
  0x30,0x33,0x20,0x32,0x2e,0x30,0x30,0x33,0x20,0x30,0x20,0x30,0x20,0x30,0x2d,0x32,
  0x2e,0x30,0x30,0x39,0x20,0x31,0x2e,0x39,0x39,0x38,0x7a,0x22,0x2f,0x3e,0x3c,0x70,
  0x61,0x74,0x68,0x20,0x64,0x3d,0x22,0x4d,0x31,0x34,0x34,0x2e,0x30,0x37,0x33,0x20,
  0x31,0x30,0x35,0x2e,0x31,0x38,0x63,0x31,0x33,0x2e,0x30,0x39,0x35,0x2e,0x32,0x30,
  0x36,0x20,0x32,0x35,0x2e,0x37,0x37,0x31,0x20,0x31,0x31,0x2e,0x36,0x37,0x36,0x20,
  0x32,0x35,0x2e,0x37,0x37,0x31,0x20,0x32,0x35,0x2e,0x36,0x37,0x36,0x73,0x2d,0x31,
  0x31,0x2e,0x38,0x33,0x31,0x20,0x32,0x35,0x2e,0x37,0x32,0x2d,0x32,0x35,0x2e,0x31,
  0x31,0x20,0x32,0x35,0x2e,0x35,0x31,0x31,0x63,0x2d,0x31,0x33,0x2e,0x32,0x37,0x38,
  0x2d,0x2e,0x32,0x31,0x2d,0x32,0x36,0x2e,0x34,0x39,0x36,0x2d,0x31,0x31,0x2e,0x39,
  0x34,0x38,0x2d,0x32,0x36,0x2e,0x34,0x39,0x36,0x2d,0x32,0x35,0x2e,0x35,0x32,0x37,
  0x73,0x31,0x32,0x2e,0x37,0x33,0x39,0x2d,0x32,0x35,0x2e,0x38,0x36,0x37,0x20,0x32,
  0x35,0x2e,0x38,0x33,0x35,0x2d,0x32,0x35,0x2e,0x36,0x36,0x6d,0x2d,0x31,0x33,0x2e,
  0x30,0x38,0x32,0x20,0x32,0x35,0x2e,0x33,0x33,0x37,0x63,0x30,0x20,0x37,0x2e,0x38,
  0x33,0x31,0x20,0x36,0x2e,0x32,0x32,0x32,0x20,0x31,0x33,0x2e,0x36,0x36,0x33,0x20,
  0x31,0x33,0x2e,0x31,0x33,0x20,0x31,0x33,0x2e,0x36,0x33,0x31,0x63,0x36,0x2e,0x39,
  0x30,0x39,0x2d,0x2e,0x30,0x33,0x31,0x20,0x31,0x32,0x2e,0x37,0x36,0x37,0x2d,0x35,
  0x2e,0x37,0x36,0x38,0x20,0x31,0x32,0x2e,0x38,0x30,0x31,0x2d,0x31,0x33,0x2e,0x35,
  0x30,0x37,0x73,0x2d,0x36,0x2e,0x32,0x34,0x2d,0x31,0x33,0x2e,0x32,0x33,0x31,0x2d,
  0x31,0x32,0x2e,0x39,0x34,0x2d,0x31,0x33,0x2e,0x32,0x33,0x31,0x73,0x2d,0x31,0x32,
  0x2e,0x39,0x39,0x20,0x35,0x2e,0x32,0x37,0x36,0x2d,0x31,0x32,0x2e,0x39,0x39,0x20,
  0x31,0x33,0x2e,0x31,0x30,0x37,0x7a,0x22,0x2f,0x3e,0x3c,0x2f,0x67,0x3e,0x3c,0x2f,
  0x73,0x76,0x67,0x3e,
    // C:/Desktop/draw/icon/backup.svg
  0x0,0x0,0x2,0x51,
  0x3c,
  0x3f,0x78,0x6d,0x6c,0x20,0x76,0x65,0x72,0x73,0x69,0x6f,0x6e,0x3d,0x22,0x31,0x2e,
  0x30,0x22,0x20,0x73,0x74,0x61,0x6e,0x64,0x61,0x6c,0x6f,0x6e,0x65,0x3d,0x22,0x6e,
  0x6f,0x22,0x3f,0x3e,0x3c,0x21,0x44,0x4f,0x43,0x54,0x59,0x50,0x45,0x20,0x73,0x76,
  0x67,0x20,0x50,0x55,0x42,0x4c,0x49,0x43,0x20,0x22,0x2d,0x2f,0x2f,0x57,0x33,0x43,
  0x2f,0x2f,0x44,0x54,0x44,0x20,0x53,0x56,0x47,0x20,0x31,0x2e,0x31,0x2f,0x2f,0x45,
  0x4e,0x22,0x20,0x22,0x68,0x74,0x74,0x70,0x3a,0x2f,0x2f,0x77,0x77,0x77,0x2e,0x77,
  0x33,0x2e,0x6f,0x72,0x67,0x2f,0x47,0x72,0x61,0x70,0x68,0x69,0x63,0x73,0x2f,0x53,
  0x56,0x47,0x2f,0x31,0x2e,0x31,0x2f,0x44,0x54,0x44,0x2f,0x73,0x76,0x67,0x31,0x31,
  0x2e,0x64,0x74,0x64,0x22,0x3e,0x3c,0x73,0x76,0x67,0x20,0x74,0x3d,0x22,0x31,0x37,
  0x31,0x37,0x30,0x35,0x32,0x35,0x33,0x31,0x36,0x35,0x34,0x22,0x20,0x63,0x6c,0x61,
  0x73,0x73,0x3d,0x22,0x69,0x63,0x6f,0x6e,0x22,0x20,0x76,0x69,0x65,0x77,0x42,0x6f,
  0x78,0x3d,0x22,0x30,0x20,0x30,0x20,0x31,0x30,0x32,0x34,0x20,0x31,0x30,0x32,0x34,
  0x22,0x20,0x76,0x65,0x72,0x73,0x69,0x6f,0x6e,0x3d,0x22,0x31,0x2e,0x31,0x22,0x20,
  0x78,0x6d,0x6c,0x6e,0x73,0x3d,0x22,0x68,0x74,0x74,0x70,0x3a,0x2f,0x2f,0x77,0x77,
  0x77,0x2e,0x77,0x33,0x2e,0x6f,0x72,0x67,0x2f,0x32,0x30,0x30,0x30,0x2f,0x73,0x76,
  0x67,0x22,0x20,0x70,0x2d,0x69,0x64,0x3d,0x22,0x34,0x37,0x35,0x33,0x32,0x22,0x20,
  0x78,0x6d,0x6c,0x6e,0x73,0x3a,0x78,0x6c,0x69,0x6e,0x6b,0x3d,0x22,0x68,0x74,0x74,
  0x70,0x3a,0x2f,0x2f,0x77,0x77,0x77,0x2e,0x77,0x33,0x2e,0x6f,0x72,0x67,0x2f,0x31,
  0x39,0x39,0x39,0x2f,0x78,0x6c,0x69,0x6e,0x6b,0x22,0x20,0x77,0x69,0x64,0x74,0x68,
  0x3d,0x22,0x32,0x30,0x30,0x22,0x20,0x68,0x65,0x69,0x67,0x68,0x74,0x3d,0x22,0x32,
  0x30,0x30,0x22,0x3e,0x3c,0x70,0x61,0x74,0x68,0x20,0x64,0x3d,0x22,0x4d,0x31,0x39,
  0x32,0x2e,0x31,0x32,0x35,0x20,0x35,0x34,0x38,0x2e,0x34,0x30,0x39,0x4c,0x34,0x31,
  0x38,0x2e,0x33,0x32,0x37,0x20,0x37,0x37,0x34,0x2e,0x36,0x31,0x61,0x33,0x36,0x2e,
  0x34,0x30,0x39,0x20,0x33,0x36,0x2e,0x34,0x30,0x39,0x20,0x30,0x20,0x30,0x20,0x31,
  0x2d,0x35,0x31,0x2e,0x34,0x39,0x36,0x20,0x35,0x31,0x2e,0x34,0x39,0x36,0x4c,0x38,
  0x32,0x2e,0x35,0x35,0x20,0x35,0x34,0x31,0x2e,0x38,0x32,0x36,0x61,0x34,0x32,0x2e,
  0x32,0x33,0x34,0x20,0x34,0x32,0x2e,0x32,0x33,0x34,0x20,0x30,0x20,0x30,0x20,0x31,
  0x20,0x30,0x2d,0x35,0x39,0x2e,0x37,0x31,0x6c,0x32,0x38,0x34,0x2e,0x32,0x38,0x2d,
  0x32,0x38,0x34,0x2e,0x32,0x32,0x32,0x61,0x33,0x36,0x2e,0x34,0x30,0x39,0x20,0x33,
  0x36,0x2e,0x34,0x30,0x39,0x20,0x30,0x20,0x30,0x20,0x31,0x20,0x35,0x31,0x2e,0x34,
  0x39,0x36,0x20,0x35,0x31,0x2e,0x34,0x39,0x36,0x4c,0x31,0x39,0x32,0x2e,0x31,0x32,
  0x35,0x20,0x34,0x37,0x35,0x2e,0x35,0x39,0x48,0x39,0x31,0x39,0x2e,0x37,0x38,0x61,
  0x33,0x36,0x2e,0x34,0x30,0x39,0x20,0x33,0x36,0x2e,0x34,0x30,0x39,0x20,0x30,0x20,
  0x31,0x20,0x31,0x20,0x30,0x20,0x37,0x32,0x2e,0x38,0x31,0x38,0x48,0x31,0x39,0x32,
  0x2e,0x31,0x32,0x35,0x7a,0x22,0x20,0x70,0x2d,0x69,0x64,0x3d,0x22,0x34,0x37,0x35,
  0x33,0x33,0x22,0x20,0x66,0x69,0x6c,0x6c,0x3d,0x22,0x23,0x34,0x36,0x41,0x30,0x41,
  0x41,0x22,0x3e,0x3c,0x2f,0x70,0x61,0x74,0x68,0x3e,0x3c,0x2f,0x73,0x76,0x67,0x3e,
  
    // C:/Desktop/draw/icon/WhhOpenfolderalt.svg
  0x0,0x0,0x1,0x40,
  0x3c,
  0x73,0x76,0x67,0x20,0x78,0x6d,0x6c,0x6e,0x73,0x3d,0x22,0x68,0x74,0x74,0x70,0x3a,
  0x2f,0x2f,0x77,0x77,0x77,0x2e,0x77,0x33,0x2e,0x6f,0x72,0x67,0x2f,0x32,0x30,0x30,
  0x30,0x2f,0x73,0x76,0x67,0x22,0x20,0x77,0x69,0x64,0x74,0x68,0x3d,0x22,0x31,0x34,
  0x36,0x2e,0x34,0x33,0x22,0x20,0x68,0x65,0x69,0x67,0x68,0x74,0x3d,0x22,0x31,0x32,
  0x38,0x22,0x20,0x76,0x69,0x65,0x77,0x42,0x6f,0x78,0x3d,0x22,0x30,0x20,0x30,0x20,
  0x31,0x30,0x32,0x35,0x20,0x38,0x39,0x36,0x22,0x3e,0x3c,0x70,0x61,0x74,0x68,0x20,
  0x66,0x69,0x6c,0x6c,0x3d,0x22,0x23,0x33,0x63,0x61,0x61,0x61,0x30,0x22,0x20,0x64,
  0x3d,0x22,0x4d,0x2e,0x32,0x33,0x32,0x20,0x35,0x37,0x36,0x56,0x36,0x34,0x71,0x30,
  0x2d,0x32,0x37,0x20,0x31,0x38,0x2e,0x35,0x2d,0x34,0x35,0x2e,0x35,0x54,0x36,0x34,
  0x2e,0x32,0x33,0x32,0x20,0x30,0x68,0x33,0x38,0x34,0x71,0x32,0x37,0x20,0x30,0x20,
  0x34,0x35,0x2e,0x35,0x20,0x31,0x38,0x2e,0x35,0x74,0x31,0x38,0x2e,0x35,0x20,0x34,
  0x35,0x74,0x31,0x38,0x2e,0x35,0x20,0x34,0x35,0x2e,0x35,0x74,0x34,0x35,0x2e,0x35,
  0x20,0x31,0x39,0x68,0x32,0x35,0x36,0x71,0x32,0x37,0x20,0x30,0x20,0x34,0x35,0x2e,
  0x35,0x20,0x31,0x38,0x2e,0x35,0x74,0x31,0x38,0x2e,0x35,0x20,0x34,0x35,0x2e,0x35,
  0x76,0x36,0x34,0x68,0x2d,0x37,0x36,0x38,0x7a,0x6d,0x31,0x30,0x32,0x34,0x2d,0x32,
  0x35,0x36,0x6c,0x2d,0x31,0x39,0x32,0x20,0x35,0x31,0x32,0x71,0x30,0x20,0x32,0x36,
  0x2d,0x31,0x38,0x2e,0x35,0x20,0x34,0x35,0x74,0x2d,0x34,0x35,0x2e,0x35,0x20,0x31,
  0x39,0x68,0x2d,0x37,0x30,0x34,0x71,0x2d,0x32,0x37,0x20,0x30,0x2d,0x34,0x35,0x2e,
  0x35,0x2d,0x31,0x39,0x74,0x2d,0x31,0x38,0x2e,0x35,0x2d,0x34,0x35,0x6c,0x31,0x39,
  0x32,0x2d,0x35,0x31,0x32,0x7a,0x22,0x2f,0x3e,0x3c,0x2f,0x73,0x76,0x67,0x3e,
    // C:/Desktop/draw/icon/advance.svg
  0x0,0x0,0x2,0x40,
  0x3c,
  0x3f,0x78,0x6d,0x6c,0x20,0x76,0x65,0x72,0x73,0x69,0x6f,0x6e,0x3d,0x22,0x31,0x2e,
  0x30,0x22,0x20,0x73,0x74,0x61,0x6e,0x64,0x61,0x6c,0x6f,0x6e,0x65,0x3d,0x22,0x6e,
  0x6f,0x22,0x3f,0x3e,0x3c,0x21,0x44,0x4f,0x43,0x54,0x59,0x50,0x45,0x20,0x73,0x76,
  0x67,0x20,0x50,0x55,0x42,0x4c,0x49,0x43,0x20,0x22,0x2d,0x2f,0x2f,0x57,0x33,0x43,
  0x2f,0x2f,0x44,0x54,0x44,0x20,0x53,0x56,0x47,0x20,0x31,0x2e,0x31,0x2f,0x2f,0x45,
  0x4e,0x22,0x20,0x22,0x68,0x74,0x74,0x70,0x3a,0x2f,0x2f,0x77,0x77,0x77,0x2e,0x77,
  0x33,0x2e,0x6f,0x72,0x67,0x2f,0x47,0x72,0x61,0x70,0x68,0x69,0x63,0x73,0x2f,0x53,
  0x56,0x47,0x2f,0x31,0x2e,0x31,0x2f,0x44,0x54,0x44,0x2f,0x73,0x76,0x67,0x31,0x31,
  0x2e,0x64,0x74,0x64,0x22,0x3e,0x3c,0x73,0x76,0x67,0x20,0x74,0x3d,0x22,0x31,0x37,
  0x31,0x37,0x30,0x35,0x32,0x35,0x31,0x34,0x38,0x30,0x32,0x22,0x20,0x63,0x6c,0x61,
  0x73,0x73,0x3d,0x22,0x69,0x63,0x6f,0x6e,0x22,0x20,0x76,0x69,0x65,0x77,0x42,0x6f,
  0x78,0x3d,0x22,0x30,0x20,0x30,0x20,0x31,0x30,0x32,0x34,0x20,0x31,0x30,0x32,0x34,
  0x22,0x20,0x76,0x65,0x72,0x73,0x69,0x6f,0x6e,0x3d,0x22,0x31,0x2e,0x31,0x22,0x20,
  0x78,0x6d,0x6c,0x6e,0x73,0x3d,0x22,0x68,0x74,0x74,0x70,0x3a,0x2f,0x2f,0x77,0x77,
  0x77,0x2e,0x77,0x33,0x2e,0x6f,0x72,0x67,0x2f,0x32,0x30,0x30,0x30,0x2f,0x73,0x76,
  0x67,0x22,0x20,0x70,0x2d,0x69,0x64,0x3d,0x22,0x34,0x36,0x35,0x30,0x32,0x22,0x20,
  0x78,0x6d,0x6c,0x6e,0x73,0x3a,0x78,0x6c,0x69,0x6e,0x6b,0x3d,0x22,0x68,0x74,0x74,
  0x70,0x3a,0x2f,0x2f,0x77,0x77,0x77,0x2e,0x77,0x33,0x2e,0x6f,0x72,0x67,0x2f,0x31,
  0x39,0x39,0x39,0x2f,0x78,0x6c,0x69,0x6e,0x6b,0x22,0x20,0x77,0x69,0x64,0x74,0x68,
  0x3d,0x22,0x32,0x30,0x30,0x22,0x20,0x68,0x65,0x69,0x67,0x68,0x74,0x3d,0x22,0x32,
  0x30,0x30,0x22,0x3e,0x3c,0x70,0x61,0x74,0x68,0x20,0x64,0x3d,0x22,0x4d,0x37,0x39,
  0x33,0x2e,0x31,0x33,0x39,0x32,0x20,0x35,0x34,0x34,0x6c,0x2d,0x31,0x39,0x38,0x2e,
  0x38,0x30,0x39,0x36,0x20,0x31,0x39,0x38,0x2e,0x38,0x30,0x39,0x36,0x61,0x33,0x32,
  0x20,0x33,0x32,0x20,0x30,0x20,0x30,0x20,0x30,0x20,0x34,0x35,0x2e,0x32,0x36,0x30,
  0x38,0x20,0x34,0x35,0x2e,0x32,0x36,0x30,0x38,0x6c,0x32,0x34,0x39,0x2e,0x38,0x35,
  0x36,0x2d,0x32,0x34,0x39,0x2e,0x38,0x35,0x36,0x61,0x33,0x37,0x2e,0x31,0x32,0x20,
  0x33,0x37,0x2e,0x31,0x32,0x20,0x30,0x20,0x30,0x20,0x30,0x20,0x30,0x2d,0x35,0x32,
  0x2e,0x34,0x38,0x6c,0x2d,0x32,0x34,0x39,0x2e,0x38,0x35,0x36,0x2d,0x32,0x34,0x39,
  0x2e,0x38,0x30,0x34,0x38,0x61,0x33,0x32,0x20,0x33,0x32,0x20,0x30,0x20,0x30,0x20,
  0x30,0x2d,0x34,0x35,0x2e,0x32,0x36,0x30,0x38,0x20,0x34,0x35,0x2e,0x32,0x36,0x30,
  0x38,0x6c,0x31,0x39,0x38,0x2e,0x38,0x30,0x39,0x36,0x20,0x31,0x39,0x38,0x2e,0x38,
  0x30,0x39,0x36,0x48,0x31,0x35,0x33,0x2e,0x36,0x61,0x33,0x32,0x20,0x33,0x32,0x20,
  0x30,0x20,0x31,0x20,0x30,0x20,0x30,0x20,0x36,0x34,0x68,0x36,0x33,0x39,0x2e,0x35,
  0x33,0x39,0x32,0x7a,0x22,0x20,0x66,0x69,0x6c,0x6c,0x3d,0x22,0x23,0x34,0x36,0x41,
  0x30,0x41,0x41,0x22,0x20,0x70,0x2d,0x69,0x64,0x3d,0x22,0x34,0x36,0x35,0x30,0x33,
  0x22,0x3e,0x3c,0x2f,0x70,0x61,0x74,0x68,0x3e,0x3c,0x2f,0x73,0x76,0x67,0x3e,
    // C:/Desktop/draw/icon/LsArrowright.svg
  0x0,0x0,0x1,0x20,
  0x3c,
  0x73,0x76,0x67,0x20,0x78,0x6d,0x6c,0x6e,0x73,0x3d,0x22,0x68,0x74,0x74,0x70,0x3a,
  0x2f,0x2f,0x77,0x77,0x77,0x2e,0x77,0x33,0x2e,0x6f,0x72,0x67,0x2f,0x32,0x30,0x30,
  0x30,0x2f,0x73,0x76,0x67,0x22,0x20,0x77,0x69,0x64,0x74,0x68,0x3d,0x22,0x33,0x32,
  0x22,0x20,0x68,0x65,0x69,0x67,0x68,0x74,0x3d,0x22,0x33,0x33,0x2e,0x32,0x39,0x38,
  0x35,0x35,0x30,0x37,0x32,0x34,0x36,0x33,0x37,0x36,0x38,0x22,0x20,0x76,0x69,0x65,
  0x77,0x42,0x6f,0x78,0x3d,0x22,0x30,0x20,0x30,0x20,0x36,0x39,0x30,0x20,0x37,0x31,
  0x38,0x22,0x3e,0x3c,0x70,0x61,0x74,0x68,0x20,0x66,0x69,0x6c,0x6c,0x3d,0x22,0x23,
  0x34,0x36,0x61,0x30,0x61,0x61,0x22,0x20,0x64,0x3d,0x22,0x4d,0x30,0x20,0x32,0x35,
  0x31,0x76,0x32,0x31,0x35,0x63,0x30,0x20,0x32,0x36,0x20,0x31,0x39,0x20,0x34,0x35,
  0x20,0x34,0x36,0x20,0x34,0x35,0x68,0x32,0x35,0x30,0x76,0x31,0x37,0x32,0x63,0x30,
  0x20,0x31,0x36,0x20,0x37,0x20,0x32,0x36,0x20,0x32,0x32,0x20,0x33,0x33,0x63,0x34,
  0x20,0x31,0x20,0x39,0x20,0x32,0x20,0x31,0x33,0x20,0x32,0x63,0x31,0x30,0x20,0x30,
  0x20,0x31,0x38,0x2d,0x33,0x20,0x32,0x35,0x2d,0x31,0x30,0x6c,0x33,0x32,0x33,0x2d,
  0x33,0x32,0x35,0x63,0x31,0x34,0x2d,0x31,0x32,0x20,0x31,0x34,0x2d,0x33,0x36,0x20,
  0x30,0x2d,0x35,0x30,0x4c,0x33,0x35,0x36,0x20,0x31,0x31,0x63,0x2d,0x32,0x30,0x2d,
  0x32,0x32,0x2d,0x36,0x30,0x2d,0x38,0x2d,0x36,0x30,0x20,0x32,0x35,0x76,0x31,0x37,
  0x31,0x48,0x34,0x36,0x63,0x2d,0x32,0x37,0x20,0x30,0x2d,0x34,0x36,0x20,0x31,0x38,
  0x2d,0x34,0x36,0x20,0x34,0x34,0x22,0x2f,0x3e,0x3c,0x2f,0x73,0x76,0x67,0x3e,
    // C:/Desktop/draw/icon/MdiHeartOutline.svg
  0x0,0x0,0x1,0xc7,
  0x3c,
  0x73,0x76,0x67,0x20,0x78,0x6d,0x6c,0x6e,0x73,0x3d,0x22,0x68,0x74,0x74,0x70,0x3a,
  0x2f,0x2f,0x77,0x77,0x77,0x2e,0x77,0x33,0x2e,0x6f,0x72,0x67,0x2f,0x32,0x30,0x30,
  0x30,0x2f,0x73,0x76,0x67,0x22,0x20,0x77,0x69,0x64,0x74,0x68,0x3d,0x22,0x33,0x32,
  0x22,0x20,0x68,0x65,0x69,0x67,0x68,0x74,0x3d,0x22,0x33,0x32,0x22,0x20,0x76,0x69,
  0x65,0x77,0x42,0x6f,0x78,0x3d,0x22,0x30,0x20,0x30,0x20,0x32,0x34,0x20,0x32,0x34,
  0x22,0x3e,0x3c,0x70,0x61,0x74,0x68,0x20,0x66,0x69,0x6c,0x6c,0x3d,0x22,0x23,0x34,
  0x36,0x61,0x30,0x61,0x61,0x22,0x20,0x64,0x3d,0x22,0x6d,0x31,0x32,0x2e,0x31,0x20,
  0x31,0x38,0x2e,0x35,0x35,0x6c,0x2d,0x2e,0x31,0x2e,0x31,0x6c,0x2d,0x2e,0x31,0x31,
  0x2d,0x2e,0x31,0x43,0x37,0x2e,0x31,0x34,0x20,0x31,0x34,0x2e,0x32,0x34,0x20,0x34,
  0x20,0x31,0x31,0x2e,0x33,0x39,0x20,0x34,0x20,0x38,0x2e,0x35,0x43,0x34,0x20,0x36,
  0x2e,0x35,0x20,0x35,0x2e,0x35,0x20,0x35,0x20,0x37,0x2e,0x35,0x20,0x35,0x63,0x31,
  0x2e,0x35,0x34,0x20,0x30,0x20,0x33,0x2e,0x30,0x34,0x20,0x31,0x20,0x33,0x2e,0x35,
  0x37,0x20,0x32,0x2e,0x33,0x36,0x68,0x31,0x2e,0x38,0x36,0x43,0x31,0x33,0x2e,0x34,
  0x36,0x20,0x36,0x20,0x31,0x34,0x2e,0x39,0x36,0x20,0x35,0x20,0x31,0x36,0x2e,0x35,
  0x20,0x35,0x63,0x32,0x20,0x30,0x20,0x33,0x2e,0x35,0x20,0x31,0x2e,0x35,0x20,0x33,
  0x2e,0x35,0x20,0x33,0x2e,0x35,0x63,0x30,0x20,0x32,0x2e,0x38,0x39,0x2d,0x33,0x2e,
  0x31,0x34,0x20,0x35,0x2e,0x37,0x34,0x2d,0x37,0x2e,0x39,0x20,0x31,0x30,0x2e,0x30,
  0x35,0x4d,0x31,0x36,0x2e,0x35,0x20,0x33,0x63,0x2d,0x31,0x2e,0x37,0x34,0x20,0x30,
  0x2d,0x33,0x2e,0x34,0x31,0x2e,0x38,0x31,0x2d,0x34,0x2e,0x35,0x20,0x32,0x2e,0x30,
  0x38,0x43,0x31,0x30,0x2e,0x39,0x31,0x20,0x33,0x2e,0x38,0x31,0x20,0x39,0x2e,0x32,
  0x34,0x20,0x33,0x20,0x37,0x2e,0x35,0x20,0x33,0x43,0x34,0x2e,0x34,0x32,0x20,0x33,
  0x20,0x32,0x20,0x35,0x2e,0x34,0x31,0x20,0x32,0x20,0x38,0x2e,0x35,0x63,0x30,0x20,
  0x33,0x2e,0x37,0x37,0x20,0x33,0x2e,0x34,0x20,0x36,0x2e,0x38,0x36,0x20,0x38,0x2e,
  0x35,0x35,0x20,0x31,0x31,0x2e,0x35,0x33,0x4c,0x31,0x32,0x20,0x32,0x31,0x2e,0x33,
  0x35,0x6c,0x31,0x2e,0x34,0x35,0x2d,0x31,0x2e,0x33,0x32,0x43,0x31,0x38,0x2e,0x36,
  0x20,0x31,0x35,0x2e,0x33,0x36,0x20,0x32,0x32,0x20,0x31,0x32,0x2e,0x32,0x37,0x20,
  0x32,0x32,0x20,0x38,0x2e,0x35,0x43,0x32,0x32,0x20,0x35,0x2e,0x34,0x31,0x20,0x31,
  0x39,0x2e,0x35,0x38,0x20,0x33,0x20,0x31,0x36,0x2e,0x35,0x20,0x33,0x22,0x2f,0x3e,
  0x3c,0x2f,0x73,0x76,0x67,0x3e,
    // C:/Desktop/draw/icon/TopcoatRoundedrectangleOutline.svg
  0x0,0x0,0x1,0x4e,
  0x3c,
  0x73,0x76,0x67,0x20,0x78,0x6d,0x6c,0x6e,0x73,0x3d,0x22,0x68,0x74,0x74,0x70,0x3a,
  0x2f,0x2f,0x77,0x77,0x77,0x2e,0x77,0x33,0x2e,0x6f,0x72,0x67,0x2f,0x32,0x30,0x30,
  0x30,0x2f,0x73,0x76,0x67,0x22,0x20,0x77,0x69,0x64,0x74,0x68,0x3d,0x22,0x33,0x32,
  0x22,0x20,0x68,0x65,0x69,0x67,0x68,0x74,0x3d,0x22,0x33,0x32,0x22,0x20,0x76,0x69,
  0x65,0x77,0x42,0x6f,0x78,0x3d,0x22,0x30,0x20,0x30,0x20,0x34,0x32,0x20,0x34,0x32,
  0x22,0x3e,0x3c,0x70,0x61,0x74,0x68,0x20,0x66,0x69,0x6c,0x6c,0x3d,0x22,0x23,0x34,
  0x36,0x61,0x30,0x61,0x61,0x22,0x20,0x64,0x3d,0x22,0x4d,0x31,0x31,0x2e,0x35,0x20,
  0x34,0x2e,0x35,0x63,0x2d,0x36,0x2e,0x39,0x33,0x39,0x20,0x30,0x2d,0x31,0x31,0x20,
  0x34,0x2e,0x34,0x37,0x2d,0x31,0x31,0x20,0x31,0x31,0x76,0x31,0x31,0x63,0x30,0x20,
  0x36,0x2e,0x39,0x37,0x31,0x20,0x33,0x2e,0x38,0x35,0x39,0x20,0x31,0x31,0x20,0x31,
  0x31,0x20,0x31,0x31,0x68,0x31,0x38,0x63,0x37,0x2e,0x34,0x20,0x30,0x20,0x31,0x31,
  0x2d,0x34,0x2e,0x30,0x32,0x39,0x20,0x31,0x31,0x2d,0x31,0x31,0x76,0x2d,0x31,0x31,
  0x63,0x30,0x2d,0x36,0x2e,0x39,0x37,0x2d,0x34,0x2e,0x30,0x36,0x31,0x2d,0x31,0x31,
  0x2d,0x31,0x31,0x2d,0x31,0x31,0x7a,0x6d,0x2d,0x31,0x2e,0x30,0x31,0x20,0x33,0x48,
  0x33,0x30,0x2e,0x35,0x63,0x34,0x2e,0x35,0x39,0x20,0x30,0x20,0x37,0x20,0x32,0x2e,
  0x35,0x32,0x20,0x37,0x20,0x37,0x76,0x31,0x33,0x63,0x30,0x20,0x34,0x2e,0x36,0x32,
  0x2d,0x32,0x2e,0x34,0x35,0x20,0x37,0x2d,0x37,0x20,0x37,0x68,0x2d,0x32,0x30,0x63,
  0x2d,0x34,0x2e,0x35,0x34,0x20,0x30,0x2d,0x37,0x2d,0x32,0x2e,0x34,0x39,0x2d,0x37,
  0x2d,0x37,0x56,0x31,0x34,0x2e,0x33,0x37,0x63,0x30,0x2d,0x34,0x2e,0x33,0x38,0x20,
  0x32,0x2e,0x35,0x32,0x39,0x2d,0x36,0x2e,0x38,0x37,0x20,0x36,0x2e,0x39,0x39,0x2d,
  0x36,0x2e,0x38,0x37,0x22,0x2f,0x3e,0x3c,0x2f,0x73,0x76,0x67,0x3e,
    // C:/Desktop/draw/icon/FlatUiPicture.ico
  0x0,0x0,0x7,0x46,
  0x0,
  0x0,0xbd,0xfe,0x78,0xda,0xed,0x9b,0xe9,0x6f,0x14,0x65,0x18,0xc0,0xd7,0x7f,0xc0,
  0x4,0x3f,0x10,0x3f,0x92,0xf8,0x5,0xbc,0x38,0x5a,0xc5,0x10,0xf0,0x83,0x46,0x8c,
  0x4a,0x9,0x87,0x2,0x9,0x4,0x34,0x98,0x68,0x2,0xc6,0xf,0x6,0x83,0x48,0x14,
  0x23,0x4a,0x80,0xca,0x59,0xd8,0x33,0x8,0xb6,0x25,0x45,0xcb,0x21,0x41,0x5a,0x8a,
  0x2d,0x47,0x5b,0xa,0x3d,0xb0,0x40,0xb,0x3d,0xb7,0xd7,0xee,0xf6,0xdc,0x6e,0xbb,
  0x65,0x4b,0xb7,0xbb,0xdb,0xc7,0x79,0x66,0xe9,0x66,0xa7,0x3b,0xdb,0xce,0xec,0xce,
  0x94,0xd9,0x7d,0x9f,0xb7,0xf9,0x35,0xd9,0x7d,0x66,0x9e,0x79,0x67,0x7e,0xcf,0xcc,
  0xbc,0x3b,0x87,0x4e,0xf7,0x1c,0xf7,0xb7,0x6b,0x83,0x8e,0xfb,0x3f,0x4b,0xd7,0x55,
  0xa8,0xd3,0xcd,0xd4,0xe9,0x74,0xb3,0x39,0x76,0x71,0xe4,0xeb,0x82,0xdf,0xf3,0x2d,
  0x5f,0x17,0xd1,0xfa,0x9d,0xbd,0x40,0xa8,0x43,0x5f,0x6f,0x37,0x54,0x55,0x96,0x43,
  0x45,0xf9,0x6d,0xc5,0xb8,0x5d,0x7a,0x1d,0x6c,0xed,0xad,0xa0,0x54,0x23,0x4f,0x89,
  0x55,0x3,0xe8,0xbf,0xac,0xb8,0x10,0xec,0xb6,0x36,0xf2,0xcf,0x60,0xd,0x8c,0xfb,
  0x47,0x1c,0xb6,0x76,0xf2,0xcf,0x58,0xd,0x84,0xfb,0x57,0xa2,0x6,0xc8,0x4d,0x62,
  0xd5,0xc0,0x44,0xff,0xf1,0xd6,0x0,0x79,0x49,0xac,0x1a,0x10,0xf3,0x1f,0x4f,0xd,
  0x4c,0xd6,0x57,0xeb,0xe9,0x95,0x60,0xcd,0x5e,0x41,0x28,0x4c,0xe3,0xe9,0xb5,0x50,
  0x6a,0xde,0x0,0xc5,0x26,0x79,0x94,0x64,0x7d,0xc3,0xb9,0x2e,0x12,0xf5,0x1f,0xac,
  0x81,0x36,0xc5,0xfd,0x37,0x1a,0x52,0x9,0x15,0xa8,0xd7,0xa7,0xc0,0xbf,0x3f,0xbf,
  0x6,0x5,0x3f,0xbd,0x2a,0x99,0xc2,0x43,0x69,0x51,0xdd,0xc7,0x5a,0x3,0xe4,0xff,
  0xd9,0xd6,0x40,0xa1,0x8c,0x1a,0x90,0xe2,0x5f,0x6e,0xd,0x90,0xff,0xc4,0xa9,0x1,
  0xa9,0xfe,0xe5,0xd4,0x0,0xf9,0x4f,0x9c,0x1a,0x90,0xe3,0x5f,0x6a,0xd,0x90,0xff,
  0xc4,0xa9,0x1,0xb9,0xfe,0xa5,0x5c,0x27,0x24,0xff,0x5a,0xaa,0x81,0xd4,0x49,0x6b,
  0x20,0x16,0xff,0x53,0xd5,0x0,0xf9,0x4f,0x9c,0x1a,0x88,0xd5,0x3f,0x5f,0x3,0x1d,
  0x6d,0xe4,0xff,0x19,0x73,0xef,0xf0,0x2,0x49,0x54,0x1f,0x9a,0xf,0x79,0x3f,0xbe,
  0x2,0x17,0x77,0xbe,0x2c,0xe0,0xd2,0xee,0x25,0x70,0xf3,0x72,0xa6,0xa2,0x35,0x40,
  0xfe,0xa7,0x8f,0xd2,0xbd,0x73,0x25,0x53,0xbc,0xe7,0x75,0xf8,0xf3,0xdb,0xd9,0x90,
  0xb3,0x4d,0xc8,0xb5,0x73,0xc7,0x62,0xf6,0x1f,0xac,0x81,0x56,0xf2,0x9f,0x0,0xfe,
  0xa3,0xd5,0x40,0xbc,0xfe,0x27,0xd6,0x80,0x52,0xfe,0xf3,0x8c,0x6b,0x60,0xbd,0xf9,
  0x1c,0xcc,0xb6,0x58,0x61,0xb5,0xf9,0x32,0x9c,0x32,0x6e,0x81,0x6,0xc3,0x1b,0xa1,
  0x78,0xad,0x61,0x11,0xfc,0x6a,0xfa,0x5,0x96,0x9a,0x6f,0xc2,0x42,0x73,0x35,0x6c,
  0x35,0x9d,0x80,0x3b,0x86,0xf7,0x4,0x39,0xae,0x18,0x3f,0x86,0x4f,0x4d,0x67,0x60,
  0x8e,0xa5,0x19,0x56,0x71,0x39,0x4e,0x1a,0xb7,0x46,0xe4,0xd8,0x63,0xda,0xcd,0xe5,
  0xb8,0x1,0x6f,0x72,0x39,0xb6,0x70,0x39,0x6e,0x1b,0x96,0x8a,0xe4,0xc8,0xe1,0x73,
  0xbc,0x63,0x2e,0x85,0x2,0xe3,0x6a,0xcd,0xf8,0x2f,0x4f,0x9f,0x27,0x9b,0xb2,0x7d,
  0x73,0x21,0x77,0xfb,0x9c,0x20,0xdf,0xcf,0x83,0x6b,0xe7,0xf5,0x71,0xfb,0x47,0x6c,
  0xed,0x2d,0x8a,0xf9,0x3f,0x68,0xda,0x9,0x2f,0x58,0x86,0x22,0x58,0x67,0xbe,0x10,
  0x3c,0xef,0x19,0xde,0x86,0x99,0x16,0x97,0xe8,0x34,0x97,0x8d,0x6b,0xf9,0x69,0xe,
  0x1b,0x77,0x88,0xc6,0xd7,0x98,0x2f,0x3e,0xcd,0xb1,0x4,0x5e,0xb4,0x38,0x45,0xa7,
  0xf9,0xc7,0xb8,0x8e,0x9f,0xe6,0xa8,0xf1,0x3b,0xd1,0xb8,0x96,0x6a,0x20,0x9e,0x31,
  0x61,0x3c,0xe3,0x3f,0x31,0x3a,0xda,0x9a,0xe3,0xf6,0x5f,0xcd,0xb9,0x15,0xdb,0xe6,
  0xe3,0x9c,0x37,0x6e,0x84,0xed,0xa6,0x23,0x51,0xe3,0x2f,0x59,0x3a,0xe0,0x3e,0xe7,
  0x76,0xb2,0x1c,0x67,0x8d,0x9b,0x60,0x87,0xe9,0x50,0xd4,0xf8,0x2c,0x8b,0x83,0xcb,
  0xb1,0x78,0xd2,0x1c,0x5,0xdc,0x71,0x41,0x6d,0x4f,0xb5,0x19,0x29,0x50,0x73,0x74,
  0x81,0x2a,0x3c,0x38,0xb2,0x0,0xae,0x1d,0x59,0xae,0xa8,0x7f,0x24,0x5e,0xff,0x37,
  0x8d,0xcb,0x26,0xdd,0xee,0x5a,0xe2,0x8a,0xca,0x35,0x50,0x75,0x60,0xbe,0xec,0x73,
  0xbc,0x2c,0xd2,0x17,0x42,0x69,0xc6,0x47,0xb2,0xa9,0x38,0xb5,0x19,0x1c,0xf6,0x76,
  0x51,0x58,0xf2,0xaf,0x76,0xd,0xa8,0xee,0x3f,0x46,0x2a,0x8d,0x69,0x31,0x3d,0xab,
  0x90,0x8c,0xfe,0xd5,0xac,0x1,0xf2,0x4f,0x35,0xa0,0x45,0xd0,0x23,0xf9,0x17,0xab,
  0x81,0x4f,0x54,0xdb,0xe6,0x8f,0x8e,0xa5,0x68,0x86,0x86,0xcc,0x15,0xe4,0x3f,0xa,
  0xf9,0x2a,0xd4,0x40,0x83,0x3e,0x95,0x8e,0xff,0xc,0xd7,0x0,0x4b,0xfe,0x73,0xf5,
  0x1b,0x61,0xc6,0xc1,0x96,0x84,0xc7,0xac,0xdf,0x4a,0xfe,0x63,0xf0,0xff,0x97,0x7e,
  0x13,0xcc,0x48,0x6f,0x48,0xa,0x94,0xac,0x1,0x4d,0x8d,0xff,0xb2,0x57,0x92,0x7f,
  0xc9,0x35,0xf0,0x55,0x5c,0xd7,0x69,0xeb,0x8f,0xa7,0x68,0x8e,0xa6,0x2c,0xf5,0xfc,
  0x17,0xe9,0x97,0xc3,0x8a,0x8c,0xdc,0x28,0x9c,0xe5,0x49,0x4b,0xcf,0x86,0xc5,0x5f,
  0xfc,0x20,0x60,0xd9,0xfe,0xac,0x50,0x7c,0xfa,0xc8,0x9d,0x92,0xf5,0x19,0x99,0xf4,
  0xfb,0x5f,0xe1,0xfb,0xbf,0x65,0xfb,0x53,0x61,0xe3,0x7,0x42,0x8a,0xf7,0x26,0xdf,
  0x71,0x96,0xfc,0x93,0x7f,0xf2,0x2f,0x72,0x8e,0x38,0xb0,0x4,0x3e,0xfc,0x72,0xb3,
  0x80,0xe3,0x86,0xcd,0x90,0x93,0x39,0x7d,0x5c,0x3f,0xb1,0x4c,0x75,0xff,0x38,0xee,
  0xd7,0x22,0xcd,0x2a,0x8e,0xff,0xa4,0x70,0x26,0x63,0x15,0x3c,0x5f,0x32,0xf8,0x4c,
  0xb9,0x7e,0x22,0x8d,0xd9,0xe7,0x8e,0xd4,0xbc,0xfe,0x9b,0x8,0xfe,0x59,0x76,0xcf,
  0xba,0x7f,0xd6,0xdd,0xb3,0xec,0x7f,0x3a,0xce,0xf9,0xe4,0x5f,0x9b,0xfe,0x6f,0x90,
  0x7b,0x66,0xfd,0x93,0x7b,0x76,0xfd,0x93,0x7b,0x76,0xfd,0x93,0x7b,0x75,0xfc,0xf7,
  0x16,0xef,0x6,0x5f,0x7f,0x2d,0x8c,0xd,0xb5,0xc2,0x68,0x77,0x15,0xd8,0xff,0xfe,
  0x5c,0x90,0xdf,0xfd,0x30,0x7,0xfc,0x3,0xd,0x10,0x18,0x6c,0x2,0x4f,0xd3,0x25,
  0x41,0xac,0x35,0x3b,0xd,0x8a,0x2a,0xf2,0x55,0x77,0x6f,0xed,0x69,0x4,0x57,0x95,
  0x5e,0xb0,0xec,0xee,0xc2,0x1d,0xe0,0x73,0xd6,0xc0,0xd8,0xe3,0x36,0xf0,0xf5,0xdd,
  0x87,0xce,0xbc,0xaf,0x5,0xf1,0xc1,0x7b,0x27,0xb9,0x7e,0xd7,0x43,0xc0,0xdd,0xc,
  0xc3,0xad,0x57,0x5,0xb1,0x26,0xd3,0x5b,0xf0,0xa4,0xad,0x88,0x8b,0x59,0xc1,0xef,
  0xaa,0x87,0x81,0xff,0x2c,0x82,0x78,0x57,0xc1,0x36,0x2e,0xe7,0x83,0xa7,0xb9,0x1f,
  0xf0,0x9f,0xc3,0xe3,0x38,0x3d,0xce,0x87,0xf3,0x63,0x1e,0xcc,0x17,0x1e,0xc7,0xe5,
  0xe1,0x72,0x71,0xf9,0xd8,0x8f,0xf0,0x18,0xf6,0x13,0xfb,0xcb,0xe7,0xe6,0xfa,0x8f,
  0xeb,0x11,0x1e,0xc7,0xf5,0xf4,0xbb,0xea,0x82,0xb9,0x3b,0x6e,0x80,0xf5,0xe4,0xbb,
  0x82,0xb8,0xc7,0x9a,0xf7,0x34,0x77,0x3,0xb8,0x6b,0xb2,0xe2,0xf2,0x6f,0xbb,0xf0,
  0x19,0xc0,0x93,0x4e,0x1,0xd8,0xaf,0xf1,0x65,0x3d,0x6e,0xb8,0x10,0x11,0x1f,0xb1,
  0x97,0x84,0xe2,0xb8,0xd,0x6a,0x7a,0x6c,0xaa,0xba,0x6f,0x1b,0xec,0xa,0x2d,0xdb,
  0x59,0x96,0xce,0x2f,0xb7,0xe5,0x8f,0xf7,0xb9,0xcf,0xe,0x61,0xbf,0x3d,0xb6,0x30,
  0xf7,0xbf,0x47,0xf4,0x7b,0xb4,0xe7,0x6e,0x28,0x8e,0xdb,0x7f,0x62,0xdc,0x55,0x79,
  0x3c,0x58,0x1b,0xe6,0x45,0x0,0xc3,0x76,0x61,0x9c,0xfb,0x8c,0xdf,0xf3,0x7e,0xb8,
  0xe9,0x26,0xce,0x8b,0xf9,0xc6,0x73,0xe3,0x72,0x26,0xc6,0xb1,0x3f,0xe3,0x71,0xec,
  0xa7,0x30,0xee,0xe0,0xd7,0x7,0x63,0xb8,0x7e,0x11,0xb9,0xfb,0x1f,0x86,0xe6,0xf5,
  0x76,0x96,0x47,0xc4,0xdd,0xf5,0x17,0x63,0xf2,0xef,0xac,0x34,0xc1,0x50,0x5d,0x6e,
  0x44,0xbe,0xe0,0x76,0xfe,0xd,0xfa,0x6e,0xed,0x3,0x7f,0xff,0x23,0xd1,0xfa,0xc0,
  0x18,0x82,0x9f,0xeb,0x5c,0xdd,0xd3,0xe2,0x9e,0xaf,0x3d,0x5b,0x9,0xbf,0x5c,0xdc,
  0xa7,0xc4,0xfa,0xdd,0x5f,0x71,0x8c,0x8f,0x8b,0x39,0x40,0x87,0xa1,0x7e,0xf,0x3b,
  0x22,0xe2,0xde,0xce,0x3b,0x7c,0xcc,0x75,0xd7,0x24,0x9a,0x1b,0xbf,0xc7,0x38,0x4e,
  0x17,0x99,0xdb,0x11,0x96,0xdb,0x2e,0x5a,0x7b,0x18,0xc3,0xfe,0x89,0xe5,0xc6,0xf5,
  0xc1,0x38,0xae,0x9f,0x58,0x7c,0x3c,0xf7,0x98,0xa7,0x23,0xb2,0xdf,0x7d,0xf,0x63,
  0xf2,0xef,0xf7,0x74,0x89,0x2e,0x4b,0x2e,0x6a,0xf9,0x9f,0xe8,0x9e,0x10,0x7,0x3d,
  0x26,0x9b,0xff,0x76,0x72,0xcf,0xac,0x7f,0x72,0xcf,0xae,0x7f,0x72,0xcf,0xae,0x7f,
  0x72,0xcf,0xae,0xff,0xe,0x72,0xcf,0xac,0x7f,0x72,0xcf,0xae,0x7f,0x72,0xcf,0xae,
  0x7f,0x72,0xcf,0xae,0x7f,0x72,0xcf,0xae,0x7f,0x9b,0x56,0xdd,0x8f,0xba,0x80,0xdb,
  0x28,0x1c,0xc3,0xb1,0x31,0xe6,0x7,0x8,0x8c,0x2,0x78,0xfb,0xc9,0x7f,0x42,0xb9,
  0xe7,0xfa,0x4,0x63,0xa0,0x68,0xf3,0xb9,0xc9,0x7f,0xa2,0xec,0xf7,0xb8,0xcf,0xab,
  0xd1,0x46,0xba,0xc9,0xbf,0xd6,0xdd,0x23,0x6a,0x35,0x6f,0x1f,0xf9,0xd7,0x82,0xfb,
  0x61,0x3b,0xff,0x9c,0x5,0xde,0xb7,0xf5,0x3a,0xca,0x22,0x80,0x80,0x4f,0xa5,0xfd,
  0xbf,0x97,0x79,0xff,0x76,0xd,0xb8,0x1f,0xb1,0x15,0x4f,0x8a,0xcf,0xd5,0xa8,0xbc,
  0x7b,0x1c,0xb,0x32,0x7e,0xfe,0xb7,0x6b,0xe0,0x98,0xef,0x73,0xd6,0x4e,0xe9,0x1f,
  0x9f,0xb9,0xe0,0xb7,0x85,0x92,0xee,0xa7,0xe9,0xdc,0xaf,0x55,0xff,0x76,0x8d,0x9c,
  0xef,0xbd,0x8e,0x5b,0x12,0xfc,0x7,0xf1,0x76,0x55,0x2a,0x30,0xee,0x1f,0x62,0xfe,
  0xf7,0xbf,0xdd,0xad,0x9d,0xb1,0x9e,0xb7,0xab,0x42,0xb2,0xff,0xd1,0x9e,0x6a,0x65,
  0xf6,0x7f,0x86,0xfd,0x6b,0xc9,0x3d,0x82,0xcf,0x2c,0x4b,0xde,0xff,0x71,0x2c,0xa8,
  0x88,0xff,0x2e,0x26,0xfd,0x6b,0xcd,0x7d,0x68,0xfb,0xb8,0xea,0x24,0xd7,0x80,0xdf,
  0xd3,0x4d,0xfe,0x65,0xf2,0xc4,0xd3,0x9,0x9d,0x6e,0xed,0xfe,0xbe,0xc7,0x67,0x66,
  0xa5,0xfa,0x1f,0xe1,0xc6,0xb,0x81,0x91,0x1,0x3a,0xfe,0x27,0xd3,0xfd,0x91,0x81,
  0x7a,0xe9,0xfe,0xc7,0xcf,0x5,0xdc,0x58,0xc0,0x37,0xd0,0xcc,0x61,0x95,0xe7,0x3e,
  0x30,0x42,0xfe,0x35,0x6,0x5e,0xfb,0x91,0xeb,0x5f,0x70,0x7d,0x40,0x4e,0xd,0x78,
  0x9d,0xe4,0x3f,0xc9,0xfc,0xf3,0xef,0x64,0x4,0xbc,0x53,0xbb,0xc7,0xfb,0x8,0xc,
  0xde,0xff,0xd5,0x3a,0x81,0xc1,0xc6,0xd8,0xdd,0xdb,0x4b,0xf9,0xf7,0x9d,0xf8,0x31,
  0x1d,0xfe,0xb6,0x8f,0xd6,0xf0,0xde,0x31,0xa3,0xf7,0xff,0xb5,0xce,0xd8,0xe3,0x76,
  0x59,0xce,0xc7,0x86,0x5a,0xf8,0xdf,0x8d,0x38,0xdf,0xc4,0x77,0xc,0xf9,0xeb,0x7a,
  0x78,0x5d,0x1f,0xef,0xf1,0x23,0x23,0x3d,0xd3,0x3e,0xde,0x27,0xff,0xf2,0xc1,0xf7,
  0x9a,0xa5,0xfa,0xa7,0xe7,0x7f,0x92,0xf0,0x18,0xe0,0xb1,0x49,0xdb,0xf7,0x45,0xde,
  0xaf,0x24,0xff,0x49,0xc2,0xb0,0x83,0x7f,0x4f,0x5b,0x74,0x8c,0xdf,0x7b,0x4f,0xe4,
  0xbd,0x6c,0xf2,0x9f,0x9c,0x38,0xf8,0xfd,0x1c,0xcf,0xef,0xfc,0xfe,0x2e,0xf2,0x2e,
  0x38,0xf9,0x27,0xc8,0x3f,0x41,0xfe,0x9,0xf2,0x4f,0x90,0x7f,0x82,0xfc,0x13,0xe4,
  0x9f,0x20,0xff,0x44,0xb2,0xf8,0x27,0x92,0x83,0x58,0xfc,0x13,0x4,0x41,0x10,0x4,
  0x41,0x10,0x4,0x41,0x10,0xc9,0x83,0x8e,0x1a,0x35,0x6a,0xd4,0xa8,0x25,0x64,0xfb,
  0x1f,0x87,0x1c,0x51,0x9e,
    // C:/Desktop/draw/icon/IconParkOutlineScreenshotTwo.svg
  0x0,0x0,0x1,0xf8,
  0x3c,
  0x73,0x76,0x67,0x20,0x78,0x6d,0x6c,0x6e,0x73,0x3d,0x22,0x68,0x74,0x74,0x70,0x3a,
  0x2f,0x2f,0x77,0x77,0x77,0x2e,0x77,0x33,0x2e,0x6f,0x72,0x67,0x2f,0x32,0x30,0x30,
  0x30,0x2f,0x73,0x76,0x67,0x22,0x20,0x77,0x69,0x64,0x74,0x68,0x3d,0x22,0x31,0x32,
  0x38,0x22,0x20,0x68,0x65,0x69,0x67,0x68,0x74,0x3d,0x22,0x31,0x32,0x38,0x22,0x20,
  0x76,0x69,0x65,0x77,0x42,0x6f,0x78,0x3d,0x22,0x30,0x20,0x30,0x20,0x34,0x38,0x20,
  0x34,0x38,0x22,0x3e,0x3c,0x67,0x20,0x66,0x69,0x6c,0x6c,0x3d,0x22,0x6e,0x6f,0x6e,
  0x65,0x22,0x20,0x73,0x74,0x72,0x6f,0x6b,0x65,0x3d,0x22,0x23,0x34,0x36,0x61,0x30,
  0x62,0x34,0x22,0x20,0x73,0x74,0x72,0x6f,0x6b,0x65,0x2d,0x6c,0x69,0x6e,0x65,0x63,
  0x61,0x70,0x3d,0x22,0x72,0x6f,0x75,0x6e,0x64,0x22,0x20,0x73,0x74,0x72,0x6f,0x6b,
  0x65,0x2d,0x6c,0x69,0x6e,0x65,0x6a,0x6f,0x69,0x6e,0x3d,0x22,0x72,0x6f,0x75,0x6e,
  0x64,0x22,0x20,0x73,0x74,0x72,0x6f,0x6b,0x65,0x2d,0x77,0x69,0x64,0x74,0x68,0x3d,
  0x22,0x34,0x22,0x3e,0x3c,0x70,0x61,0x74,0x68,0x20,0x64,0x3d,0x22,0x4d,0x34,0x20,
  0x32,0x34,0x56,0x34,0x68,0x34,0x30,0x76,0x32,0x30,0x22,0x2f,0x3e,0x3c,0x70,0x61,
  0x74,0x68,0x20,0x64,0x3d,0x22,0x4d,0x31,0x30,0x20,0x34,0x34,0x61,0x36,0x20,0x36,
  0x20,0x30,0x20,0x31,0x20,0x30,0x20,0x30,0x2d,0x31,0x32,0x61,0x36,0x20,0x36,0x20,
  0x30,0x20,0x30,0x20,0x30,0x20,0x30,0x20,0x31,0x32,0x22,0x20,0x63,0x6c,0x69,0x70,
  0x2d,0x72,0x75,0x6c,0x65,0x3d,0x22,0x65,0x76,0x65,0x6e,0x6f,0x64,0x64,0x22,0x2f,
  0x3e,0x3c,0x70,0x61,0x74,0x68,0x20,0x64,0x3d,0x22,0x4d,0x33,0x36,0x20,0x31,0x32,
  0x43,0x32,0x30,0x2e,0x33,0x39,0x20,0x33,0x33,0x2e,0x32,0x36,0x36,0x20,0x31,0x35,
  0x2e,0x38,0x30,0x35,0x20,0x34,0x30,0x2e,0x36,0x38,0x20,0x31,0x34,0x2e,0x32,0x34,
  0x33,0x20,0x34,0x32,0x2e,0x32,0x34,0x33,0x61,0x36,0x20,0x36,0x20,0x30,0x20,0x30,
  0x20,0x31,0x2d,0x38,0x2e,0x34,0x38,0x36,0x20,0x30,0x22,0x2f,0x3e,0x3c,0x70,0x61,
  0x74,0x68,0x20,0x64,0x3d,0x22,0x4d,0x33,0x38,0x20,0x34,0x34,0x61,0x36,0x20,0x36,
  0x20,0x30,0x20,0x31,0x20,0x30,0x20,0x30,0x2d,0x31,0x32,0x61,0x36,0x20,0x36,0x20,
  0x30,0x20,0x30,0x20,0x30,0x20,0x30,0x20,0x31,0x32,0x22,0x20,0x63,0x6c,0x69,0x70,
  0x2d,0x72,0x75,0x6c,0x65,0x3d,0x22,0x65,0x76,0x65,0x6e,0x6f,0x64,0x64,0x22,0x2f,
  0x3e,0x3c,0x70,0x61,0x74,0x68,0x20,0x64,0x3d,0x22,0x4d,0x34,0x32,0x2e,0x32,0x34,
  0x33,0x20,0x34,0x32,0x2e,0x32,0x34,0x33,0x61,0x36,0x20,0x36,0x20,0x30,0x20,0x30,
  0x20,0x31,0x2d,0x38,0x2e,0x34,0x38,0x36,0x20,0x30,0x43,0x33,0x32,0x2e,0x31,0x39,
  0x35,0x20,0x34,0x30,0x2e,0x36,0x38,0x20,0x32,0x37,0x2e,0x36,0x31,0x20,0x33,0x33,
  0x2e,0x32,0x36,0x36,0x20,0x31,0x32,0x20,0x31,0x32,0x22,0x2f,0x3e,0x3c,0x2f,0x67,
  0x3e,0x3c,0x2f,0x73,0x76,0x67,0x3e,
    // C:/Desktop/draw/icon/GravityUiMagnifierPlus.svg
  0x0,0x0,0x1,0xad,
  0x3c,
  0x73,0x76,0x67,0x20,0x78,0x6d,0x6c,0x6e,0x73,0x3d,0x22,0x68,0x74,0x74,0x70,0x3a,
  0x2f,0x2f,0x77,0x77,0x77,0x2e,0x77,0x33,0x2e,0x6f,0x72,0x67,0x2f,0x32,0x30,0x30,
  0x30,0x2f,0x73,0x76,0x67,0x22,0x20,0x77,0x69,0x64,0x74,0x68,0x3d,0x22,0x33,0x32,
  0x22,0x20,0x68,0x65,0x69,0x67,0x68,0x74,0x3d,0x22,0x33,0x32,0x22,0x20,0x76,0x69,
  0x65,0x77,0x42,0x6f,0x78,0x3d,0x22,0x30,0x20,0x30,0x20,0x31,0x36,0x20,0x31,0x36,
  0x22,0x3e,0x3c,0x70,0x61,0x74,0x68,0x20,0x66,0x69,0x6c,0x6c,0x3d,0x22,0x23,0x34,
  0x36,0x61,0x30,0x61,0x61,0x22,0x20,0x66,0x69,0x6c,0x6c,0x2d,0x72,0x75,0x6c,0x65,
  0x3d,0x22,0x65,0x76,0x65,0x6e,0x6f,0x64,0x64,0x22,0x20,0x64,0x3d,0x22,0x4d,0x36,
  0x2e,0x37,0x35,0x20,0x31,0x31,0x61,0x34,0x2e,0x32,0x35,0x20,0x34,0x2e,0x32,0x35,
  0x20,0x30,0x20,0x31,0x20,0x30,0x20,0x30,0x2d,0x38,0x2e,0x35,0x61,0x34,0x2e,0x32,
  0x35,0x20,0x34,0x2e,0x32,0x35,0x20,0x30,0x20,0x30,0x20,0x30,0x20,0x30,0x20,0x38,
  0x2e,0x35,0x6d,0x30,0x20,0x31,0x2e,0x35,0x61,0x35,0x2e,0x37,0x33,0x20,0x35,0x2e,
  0x37,0x33,0x20,0x30,0x20,0x30,0x20,0x30,0x20,0x33,0x2e,0x35,0x30,0x31,0x2d,0x31,
  0x2e,0x31,0x38,0x38,0x6c,0x32,0x2e,0x37,0x31,0x39,0x20,0x32,0x2e,0x37,0x31,0x38,
  0x61,0x2e,0x37,0x35,0x2e,0x37,0x35,0x20,0x30,0x20,0x31,0x20,0x30,0x20,0x31,0x2e,
  0x30,0x36,0x2d,0x31,0x2e,0x30,0x36,0x6c,0x2d,0x32,0x2e,0x37,0x31,0x38,0x2d,0x32,
  0x2e,0x37,0x31,0x39,0x41,0x35,0x2e,0x37,0x35,0x20,0x35,0x2e,0x37,0x35,0x20,0x30,
  0x20,0x31,0x20,0x30,0x20,0x36,0x2e,0x37,0x35,0x20,0x31,0x32,0x2e,0x35,0x6d,0x2e,
  0x37,0x35,0x2d,0x37,0x2e,0x37,0x35,0x61,0x2e,0x37,0x35,0x2e,0x37,0x35,0x20,0x30,
  0x20,0x30,0x20,0x30,0x2d,0x31,0x2e,0x35,0x20,0x30,0x56,0x36,0x48,0x34,0x2e,0x37,
  0x35,0x61,0x2e,0x37,0x35,0x2e,0x37,0x35,0x20,0x30,0x20,0x30,0x20,0x30,0x20,0x30,
  0x20,0x31,0x2e,0x35,0x48,0x36,0x76,0x31,0x2e,0x32,0x35,0x61,0x2e,0x37,0x35,0x2e,
  0x37,0x35,0x20,0x30,0x20,0x30,0x20,0x30,0x20,0x31,0x2e,0x35,0x20,0x30,0x56,0x37,
  0x2e,0x35,0x68,0x31,0x2e,0x32,0x35,0x61,0x2e,0x37,0x35,0x2e,0x37,0x35,0x20,0x30,
  0x20,0x30,0x20,0x30,0x20,0x30,0x2d,0x31,0x2e,0x35,0x48,0x37,0x2e,0x35,0x7a,0x22,
  0x20,0x63,0x6c,0x69,0x70,0x2d,0x72,0x75,0x6c,0x65,0x3d,0x22,0x65,0x76,0x65,0x6e,
  0x6f,0x64,0x64,0x22,0x2f,0x3e,0x3c,0x2f,0x73,0x76,0x67,0x3e,
    // C:/Desktop/draw/icon/MdiFill.svg
  0x0,0x0,0x1,0xb6,
  0x3c,
  0x73,0x76,0x67,0x20,0x78,0x6d,0x6c,0x6e,0x73,0x3d,0x22,0x68,0x74,0x74,0x70,0x3a,
  0x2f,0x2f,0x77,0x77,0x77,0x2e,0x77,0x33,0x2e,0x6f,0x72,0x67,0x2f,0x32,0x30,0x30,
  0x30,0x2f,0x73,0x76,0x67,0x22,0x20,0x77,0x69,0x64,0x74,0x68,0x3d,0x22,0x33,0x32,
  0x22,0x20,0x68,0x65,0x69,0x67,0x68,0x74,0x3d,0x22,0x33,0x32,0x22,0x20,0x76,0x69,
  0x65,0x77,0x42,0x6f,0x78,0x3d,0x22,0x30,0x20,0x30,0x20,0x32,0x34,0x20,0x32,0x34,
  0x22,0x3e,0x3c,0x70,0x61,0x74,0x68,0x20,0x64,0x3d,0x22,0x4d,0x31,0x39,0x20,0x31,
  0x31,0x2e,0x35,0x73,0x2d,0x32,0x20,0x32,0x2e,0x31,0x36,0x37,0x2d,0x32,0x20,0x33,
  0x2e,0x35,0x61,0x32,0x20,0x32,0x20,0x30,0x20,0x30,0x20,0x30,0x20,0x34,0x20,0x30,
  0x63,0x30,0x2d,0x31,0x2e,0x33,0x33,0x33,0x2d,0x32,0x2d,0x33,0x2e,0x35,0x2d,0x32,
  0x2d,0x33,0x2e,0x35,0x7a,0x6d,0x2d,0x34,0x2e,0x32,0x38,0x31,0x2d,0x31,0x2e,0x35,
  0x32,0x4c,0x35,0x2e,0x32,0x30,0x37,0x20,0x31,0x30,0x4c,0x31,0x30,0x20,0x35,0x2e,
  0x32,0x30,0x38,0x6c,0x34,0x2e,0x37,0x31,0x39,0x20,0x34,0x2e,0x37,0x37,0x31,0x7a,
  0x6d,0x31,0x2e,0x38,0x34,0x32,0x2d,0x31,0x2e,0x30,0x34,0x31,0x4c,0x37,0x2e,0x36,
  0x32,0x31,0x20,0x30,0x4c,0x36,0x2e,0x32,0x30,0x37,0x20,0x31,0x2e,0x34,0x31,0x34,
  0x6c,0x32,0x2e,0x33,0x37,0x39,0x20,0x32,0x2e,0x33,0x37,0x39,0x6c,0x2d,0x35,0x2e,
  0x31,0x34,0x37,0x20,0x35,0x2e,0x31,0x34,0x36,0x61,0x31,0x2e,0x35,0x30,0x32,0x20,
  0x31,0x2e,0x35,0x30,0x32,0x20,0x30,0x20,0x30,0x20,0x30,0x20,0x30,0x20,0x32,0x2e,
  0x31,0x32,0x32,0x6c,0x35,0x2e,0x35,0x20,0x35,0x2e,0x35,0x63,0x2e,0x32,0x39,0x33,
  0x2e,0x32,0x39,0x33,0x2e,0x36,0x37,0x37,0x2e,0x34,0x33,0x39,0x20,0x31,0x2e,0x30,
  0x36,0x31,0x2e,0x34,0x33,0x39,0x63,0x2e,0x33,0x38,0x34,0x20,0x30,0x20,0x2e,0x37,
  0x36,0x38,0x2d,0x2e,0x31,0x34,0x36,0x20,0x31,0x2e,0x30,0x36,0x31,0x2d,0x2e,0x34,
  0x33,0x39,0x6c,0x35,0x2e,0x35,0x2d,0x35,0x2e,0x35,0x61,0x31,0x2e,0x35,0x30,0x32,
  0x20,0x31,0x2e,0x35,0x30,0x32,0x20,0x30,0x20,0x30,0x20,0x30,0x20,0x30,0x2d,0x32,
  0x2e,0x31,0x32,0x32,0x7a,0x22,0x20,0x66,0x69,0x6c,0x6c,0x3d,0x22,0x23,0x34,0x36,
  0x61,0x30,0x61,0x61,0x22,0x2f,0x3e,0x3c,0x70,0x61,0x74,0x68,0x20,0x64,0x3d,0x22,
  0x4d,0x30,0x20,0x32,0x30,0x68,0x32,0x34,0x76,0x34,0x48,0x30,0x7a,0x22,0x20,0x66,
  0x69,0x6c,0x6c,0x3d,0x22,0x23,0x34,0x36,0x61,0x30,0x61,0x61,0x22,0x2f,0x3e,0x3c,
  0x2f,0x73,0x76,0x67,0x3e,
    // C:/Desktop/draw/icon/HugeiconsRightTriangle.svg
  0x0,0x0,0x2,0x45,
  0x3c,
  0x73,0x76,0x67,0x20,0x78,0x6d,0x6c,0x6e,0x73,0x3d,0x22,0x68,0x74,0x74,0x70,0x3a,
  0x2f,0x2f,0x77,0x77,0x77,0x2e,0x77,0x33,0x2e,0x6f,0x72,0x67,0x2f,0x32,0x30,0x30,
  0x30,0x2f,0x73,0x76,0x67,0x22,0x20,0x77,0x69,0x64,0x74,0x68,0x3d,0x22,0x33,0x32,
  0x22,0x20,0x68,0x65,0x69,0x67,0x68,0x74,0x3d,0x22,0x33,0x32,0x22,0x20,0x76,0x69,
  0x65,0x77,0x42,0x6f,0x78,0x3d,0x22,0x30,0x20,0x30,0x20,0x32,0x34,0x20,0x32,0x34,
  0x22,0x3e,0x3c,0x67,0x20,0x66,0x69,0x6c,0x6c,0x3d,0x22,0x6e,0x6f,0x6e,0x65,0x22,
  0x20,0x73,0x74,0x72,0x6f,0x6b,0x65,0x3d,0x22,0x23,0x34,0x36,0x61,0x30,0x61,0x61,
  0x22,0x20,0x73,0x74,0x72,0x6f,0x6b,0x65,0x2d,0x6c,0x69,0x6e,0x65,0x63,0x61,0x70,
  0x3d,0x22,0x72,0x6f,0x75,0x6e,0x64,0x22,0x20,0x73,0x74,0x72,0x6f,0x6b,0x65,0x2d,
  0x6c,0x69,0x6e,0x65,0x6a,0x6f,0x69,0x6e,0x3d,0x22,0x72,0x6f,0x75,0x6e,0x64,0x22,
  0x20,0x73,0x74,0x72,0x6f,0x6b,0x65,0x2d,0x77,0x69,0x64,0x74,0x68,0x3d,0x22,0x31,
  0x2e,0x35,0x22,0x20,0x63,0x6f,0x6c,0x6f,0x72,0x3d,0x22,0x23,0x34,0x36,0x61,0x30,
  0x61,0x61,0x22,0x3e,0x3c,0x70,0x61,0x74,0x68,0x20,0x64,0x3d,0x22,0x4d,0x34,0x20,
  0x38,0x56,0x36,0x2e,0x34,0x38,0x35,0x63,0x30,0x2d,0x32,0x2e,0x37,0x30,0x38,0x20,
  0x30,0x2d,0x34,0x2e,0x30,0x36,0x31,0x2e,0x37,0x39,0x2d,0x34,0x2e,0x34,0x31,0x32,
  0x63,0x2e,0x37,0x39,0x32,0x2d,0x2e,0x33,0x35,0x31,0x20,0x31,0x2e,0x37,0x33,0x33,
  0x2e,0x35,0x38,0x34,0x20,0x33,0x2e,0x36,0x31,0x37,0x20,0x32,0x2e,0x34,0x35,0x36,
  0x6c,0x31,0x30,0x2e,0x38,0x37,0x37,0x20,0x31,0x30,0x2e,0x38,0x30,0x38,0x63,0x31,
  0x2e,0x39,0x38,0x38,0x20,0x31,0x2e,0x39,0x37,0x36,0x20,0x32,0x2e,0x39,0x38,0x32,
  0x20,0x32,0x2e,0x39,0x36,0x34,0x20,0x32,0x2e,0x36,0x35,0x34,0x20,0x33,0x2e,0x38,
  0x31,0x34,0x63,0x2d,0x2e,0x33,0x32,0x38,0x2e,0x38,0x34,0x39,0x2d,0x31,0x2e,0x37,
  0x30,0x34,0x2e,0x38,0x34,0x39,0x2d,0x34,0x2e,0x34,0x35,0x35,0x2e,0x38,0x34,0x39,
  0x48,0x31,0x36,0x6d,0x2d,0x33,0x20,0x32,0x63,0x30,0x2d,0x2e,0x39,0x34,0x33,0x20,
  0x30,0x2d,0x31,0x2e,0x34,0x31,0x34,0x2d,0x2e,0x32,0x39,0x33,0x2d,0x31,0x2e,0x37,
  0x30,0x37,0x53,0x31,0x31,0x2e,0x39,0x34,0x33,0x20,0x32,0x30,0x20,0x31,0x31,0x20,
  0x32,0x30,0x48,0x36,0x2e,0x36,0x30,0x36,0x63,0x2d,0x31,0x2e,0x32,0x32,0x39,0x20,
  0x30,0x2d,0x31,0x2e,0x38,0x34,0x33,0x20,0x30,0x2d,0x32,0x2e,0x32,0x32,0x34,0x2d,
  0x2e,0x33,0x39,0x36,0x43,0x34,0x20,0x31,0x39,0x2e,0x32,0x30,0x37,0x20,0x34,0x20,
  0x31,0x38,0x2e,0x35,0x36,0x39,0x20,0x34,0x20,0x31,0x37,0x2e,0x32,0x39,0x34,0x56,
  0x31,0x33,0x63,0x30,0x2d,0x2e,0x39,0x34,0x33,0x20,0x30,0x2d,0x31,0x2e,0x34,0x31,
  0x34,0x2d,0x2e,0x32,0x39,0x33,0x2d,0x31,0x2e,0x37,0x30,0x37,0x53,0x32,0x2e,0x39,
  0x34,0x33,0x20,0x31,0x31,0x20,0x32,0x20,0x31,0x31,0x22,0x2f,0x3e,0x3c,0x70,0x61,
  0x74,0x68,0x20,0x64,0x3d,0x22,0x4d,0x34,0x20,0x31,0x35,0x68,0x31,0x63,0x31,0x2e,
  0x38,0x38,0x36,0x20,0x30,0x20,0x32,0x2e,0x38,0x32,0x38,0x20,0x30,0x20,0x33,0x2e,
  0x34,0x31,0x34,0x2e,0x35,0x38,0x36,0x53,0x39,0x20,0x31,0x37,0x2e,0x31,0x31,0x34,
  0x20,0x39,0x20,0x31,0x39,0x76,0x31,0x22,0x2f,0x3e,0x3c,0x2f,0x67,0x3e,0x3c,0x2f,
  0x73,0x76,0x67,0x3e,
    // C:/Desktop/draw/icon/IconoirLinear.svg
  0x0,0x0,0x0,0xce,
  0x3c,
  0x73,0x76,0x67,0x20,0x78,0x6d,0x6c,0x6e,0x73,0x3d,0x22,0x68,0x74,0x74,0x70,0x3a,
  0x2f,0x2f,0x77,0x77,0x77,0x2e,0x77,0x33,0x2e,0x6f,0x72,0x67,0x2f,0x32,0x30,0x30,
  0x30,0x2f,0x73,0x76,0x67,0x22,0x20,0x77,0x69,0x64,0x74,0x68,0x3d,0x22,0x33,0x32,
  0x22,0x20,0x68,0x65,0x69,0x67,0x68,0x74,0x3d,0x22,0x33,0x32,0x22,0x20,0x76,0x69,
  0x65,0x77,0x42,0x6f,0x78,0x3d,0x22,0x30,0x20,0x30,0x20,0x32,0x34,0x20,0x32,0x34,
  0x22,0x3e,0x3c,0x70,0x61,0x74,0x68,0x20,0x66,0x69,0x6c,0x6c,0x3d,0x22,0x6e,0x6f,
  0x6e,0x65,0x22,0x20,0x73,0x74,0x72,0x6f,0x6b,0x65,0x3d,0x22,0x23,0x34,0x36,0x61,
  0x30,0x61,0x61,0x22,0x20,0x73,0x74,0x72,0x6f,0x6b,0x65,0x2d,0x6c,0x69,0x6e,0x65,
  0x63,0x61,0x70,0x3d,0x22,0x72,0x6f,0x75,0x6e,0x64,0x22,0x20,0x73,0x74,0x72,0x6f,
  0x6b,0x65,0x2d,0x6c,0x69,0x6e,0x65,0x6a,0x6f,0x69,0x6e,0x3d,0x22,0x72,0x6f,0x75,
  0x6e,0x64,0x22,0x20,0x73,0x74,0x72,0x6f,0x6b,0x65,0x2d,0x77,0x69,0x64,0x74,0x68,
  0x3d,0x22,0x31,0x2e,0x35,0x22,0x20,0x64,0x3d,0x22,0x4d,0x33,0x20,0x32,0x30,0x4c,
  0x32,0x31,0x20,0x34,0x22,0x2f,0x3e,0x3c,0x2f,0x73,0x76,0x67,0x3e,
    // C:/Desktop/draw/icon/MdiHexagramOutline.svg
  0x0,0x0,0x1,0x18,
  0x3c,
  0x73,0x76,0x67,0x20,0x78,0x6d,0x6c,0x6e,0x73,0x3d,0x22,0x68,0x74,0x74,0x70,0x3a,
  0x2f,0x2f,0x77,0x77,0x77,0x2e,0x77,0x33,0x2e,0x6f,0x72,0x67,0x2f,0x32,0x30,0x30,
  0x30,0x2f,0x73,0x76,0x67,0x22,0x20,0x77,0x69,0x64,0x74,0x68,0x3d,0x22,0x33,0x32,
  0x22,0x20,0x68,0x65,0x69,0x67,0x68,0x74,0x3d,0x22,0x33,0x32,0x22,0x20,0x76,0x69,
  0x65,0x77,0x42,0x6f,0x78,0x3d,0x22,0x30,0x20,0x30,0x20,0x32,0x34,0x20,0x32,0x34,
  0x22,0x3e,0x3c,0x70,0x61,0x74,0x68,0x20,0x66,0x69,0x6c,0x6c,0x3d,0x22,0x23,0x34,
  0x36,0x61,0x30,0x61,0x61,0x22,0x20,0x64,0x3d,0x22,0x6d,0x31,0x32,0x20,0x37,0x6c,
  0x31,0x2e,0x33,0x20,0x32,0x2e,0x38,0x6c,0x33,0x2e,0x32,0x2d,0x2e,0x34,0x6c,0x2d,
  0x32,0x20,0x32,0x2e,0x36,0x6c,0x31,0x2e,0x39,0x20,0x32,0x2e,0x35,0x6c,0x2d,0x33,
  0x2e,0x32,0x2d,0x2e,0x34,0x4c,0x31,0x32,0x20,0x31,0x37,0x6c,0x2d,0x31,0x2e,0x33,
  0x2d,0x32,0x2e,0x38,0x6c,0x2d,0x33,0x2e,0x32,0x2e,0x34,0x6c,0x32,0x2d,0x32,0x2e,
  0x36,0x6c,0x2d,0x31,0x2e,0x39,0x2d,0x32,0x2e,0x35,0x6c,0x33,0x2e,0x32,0x2e,0x34,
  0x7a,0x6d,0x30,0x2d,0x35,0x4c,0x39,0x2e,0x35,0x20,0x37,0x2e,0x37,0x4c,0x33,0x2e,
  0x33,0x20,0x37,0x4c,0x37,0x20,0x31,0x32,0x6c,0x2d,0x33,0x2e,0x36,0x20,0x35,0x6c,
  0x36,0x2e,0x32,0x2d,0x2e,0x37,0x4c,0x31,0x32,0x20,0x32,0x32,0x6c,0x32,0x2e,0x35,
  0x2d,0x35,0x2e,0x37,0x6c,0x36,0x2e,0x32,0x2e,0x36,0x4c,0x31,0x37,0x20,0x31,0x32,
  0x6c,0x33,0x2e,0x36,0x2d,0x35,0x6c,0x2d,0x36,0x2e,0x32,0x2e,0x37,0x7a,0x22,0x2f,
  0x3e,0x3c,0x2f,0x73,0x76,0x67,0x3e,
    // C:/Desktop/draw/icon/five-pointed star.svg
  0x0,0x0,0x2,0x7b,
  0x3c,
  0x3f,0x78,0x6d,0x6c,0x20,0x76,0x65,0x72,0x73,0x69,0x6f,0x6e,0x3d,0x22,0x31,0x2e,
  0x30,0x22,0x20,0x73,0x74,0x61,0x6e,0x64,0x61,0x6c,0x6f,0x6e,0x65,0x3d,0x22,0x6e,
  0x6f,0x22,0x3f,0x3e,0x3c,0x21,0x44,0x4f,0x43,0x54,0x59,0x50,0x45,0x20,0x73,0x76,
  0x67,0x20,0x50,0x55,0x42,0x4c,0x49,0x43,0x20,0x22,0x2d,0x2f,0x2f,0x57,0x33,0x43,
  0x2f,0x2f,0x44,0x54,0x44,0x20,0x53,0x56,0x47,0x20,0x31,0x2e,0x31,0x2f,0x2f,0x45,
  0x4e,0x22,0x20,0x22,0x68,0x74,0x74,0x70,0x3a,0x2f,0x2f,0x77,0x77,0x77,0x2e,0x77,
  0x33,0x2e,0x6f,0x72,0x67,0x2f,0x47,0x72,0x61,0x70,0x68,0x69,0x63,0x73,0x2f,0x53,
  0x56,0x47,0x2f,0x31,0x2e,0x31,0x2f,0x44,0x54,0x44,0x2f,0x73,0x76,0x67,0x31,0x31,
  0x2e,0x64,0x74,0x64,0x22,0x3e,0x3c,0x73,0x76,0x67,0x20,0x74,0x3d,0x22,0x31,0x37,
  0x31,0x37,0x30,0x35,0x32,0x31,0x37,0x38,0x34,0x36,0x33,0x22,0x20,0x63,0x6c,0x61,
  0x73,0x73,0x3d,0x22,0x69,0x63,0x6f,0x6e,0x22,0x20,0x76,0x69,0x65,0x77,0x42,0x6f,
  0x78,0x3d,0x22,0x30,0x20,0x30,0x20,0x31,0x30,0x32,0x34,0x20,0x31,0x30,0x32,0x34,
  0x22,0x20,0x76,0x65,0x72,0x73,0x69,0x6f,0x6e,0x3d,0x22,0x31,0x2e,0x31,0x22,0x20,
  0x78,0x6d,0x6c,0x6e,0x73,0x3d,0x22,0x68,0x74,0x74,0x70,0x3a,0x2f,0x2f,0x77,0x77,
  0x77,0x2e,0x77,0x33,0x2e,0x6f,0x72,0x67,0x2f,0x32,0x30,0x30,0x30,0x2f,0x73,0x76,
  0x67,0x22,0x20,0x70,0x2d,0x69,0x64,0x3d,0x22,0x34,0x34,0x32,0x33,0x34,0x22,0x20,
  0x78,0x6d,0x6c,0x6e,0x73,0x3a,0x78,0x6c,0x69,0x6e,0x6b,0x3d,0x22,0x68,0x74,0x74,
  0x70,0x3a,0x2f,0x2f,0x77,0x77,0x77,0x2e,0x77,0x33,0x2e,0x6f,0x72,0x67,0x2f,0x31,
  0x39,0x39,0x39,0x2f,0x78,0x6c,0x69,0x6e,0x6b,0x22,0x20,0x77,0x69,0x64,0x74,0x68,
  0x3d,0x22,0x32,0x30,0x30,0x22,0x20,0x68,0x65,0x69,0x67,0x68,0x74,0x3d,0x22,0x32,
  0x30,0x30,0x22,0x3e,0x3c,0x70,0x61,0x74,0x68,0x20,0x64,0x3d,0x22,0x4d,0x35,0x31,
  0x32,0x2e,0x39,0x39,0x20,0x33,0x35,0x35,0x2e,0x33,0x35,0x6c,0x34,0x35,0x2e,0x33,
  0x31,0x20,0x31,0x34,0x33,0x2e,0x39,0x39,0x68,0x31,0x34,0x30,0x2e,0x33,0x34,0x6c,
  0x2d,0x31,0x31,0x32,0x2e,0x37,0x35,0x20,0x37,0x35,0x2e,0x37,0x37,0x20,0x34,0x34,
  0x2e,0x33,0x20,0x31,0x33,0x34,0x2e,0x30,0x36,0x2d,0x31,0x31,0x36,0x2e,0x39,0x34,
  0x2d,0x38,0x35,0x2e,0x38,0x37,0x2d,0x31,0x31,0x37,0x2e,0x33,0x32,0x20,0x38,0x34,
  0x2e,0x38,0x32,0x4c,0x34,0x34,0x30,0x2e,0x32,0x20,0x35,0x37,0x34,0x2e,0x35,0x6c,
  0x2d,0x31,0x31,0x33,0x2e,0x32,0x37,0x2d,0x37,0x35,0x2e,0x31,0x37,0x68,0x31,0x34,
  0x30,0x2e,0x37,0x34,0x6c,0x34,0x35,0x2e,0x33,0x32,0x2d,0x31,0x34,0x33,0x2e,0x39,
  0x38,0x6d,0x30,0x2d,0x32,0x32,0x39,0x2e,0x39,0x39,0x6c,0x2d,0x39,0x37,0x2e,0x39,
  0x37,0x20,0x33,0x30,0x31,0x2e,0x35,0x31,0x48,0x39,0x38,0x6c,0x32,0x35,0x36,0x2e,
  0x34,0x38,0x20,0x31,0x37,0x38,0x2e,0x32,0x2d,0x39,0x37,0x2e,0x39,0x38,0x20,0x32,
  0x39,0x34,0x2e,0x35,0x31,0x20,0x32,0x35,0x36,0x2e,0x34,0x39,0x2d,0x31,0x38,0x36,
  0x2e,0x31,0x34,0x20,0x32,0x35,0x36,0x2e,0x34,0x39,0x20,0x31,0x38,0x37,0x2e,0x36,
  0x34,0x2d,0x39,0x37,0x2e,0x39,0x37,0x2d,0x32,0x39,0x36,0x2e,0x32,0x34,0x4c,0x39,
  0x32,0x38,0x20,0x34,0x32,0x36,0x2e,0x38,0x37,0x48,0x36,0x31,0x30,0x2e,0x39,0x36,
  0x6c,0x2d,0x39,0x37,0x2e,0x39,0x37,0x2d,0x33,0x30,0x31,0x2e,0x35,0x31,0x7a,0x22,
  0x20,0x66,0x69,0x6c,0x6c,0x3d,0x22,0x23,0x34,0x36,0x41,0x30,0x41,0x41,0x22,0x20,
  0x70,0x2d,0x69,0x64,0x3d,0x22,0x34,0x34,0x32,0x33,0x35,0x22,0x3e,0x3c,0x2f,0x70,
  0x61,0x74,0x68,0x3e,0x3c,0x2f,0x73,0x76,0x67,0x3e,
    // C:/Desktop/draw/icon/WhhNewwindow.svg
  0x0,0x0,0x3,0x8c,
  0x3c,
  0x73,0x76,0x67,0x20,0x78,0x6d,0x6c,0x6e,0x73,0x3d,0x22,0x68,0x74,0x74,0x70,0x3a,
  0x2f,0x2f,0x77,0x77,0x77,0x2e,0x77,0x33,0x2e,0x6f,0x72,0x67,0x2f,0x32,0x30,0x30,
  0x30,0x2f,0x73,0x76,0x67,0x22,0x20,0x77,0x69,0x64,0x74,0x68,0x3d,0x22,0x31,0x32,
  0x38,0x2e,0x31,0x33,0x22,0x20,0x68,0x65,0x69,0x67,0x68,0x74,0x3d,0x22,0x31,0x32,
  0x38,0x22,0x20,0x76,0x69,0x65,0x77,0x42,0x6f,0x78,0x3d,0x22,0x30,0x20,0x30,0x20,
  0x31,0x30,0x32,0x35,0x20,0x31,0x30,0x32,0x34,0x22,0x3e,0x3c,0x70,0x61,0x74,0x68,
  0x20,0x66,0x69,0x6c,0x6c,0x3d,0x22,0x23,0x33,0x63,0x61,0x61,0x61,0x30,0x22,0x20,
  0x64,0x3d,0x22,0x4d,0x38,0x39,0x36,0x2e,0x34,0x32,0x38,0x20,0x31,0x30,0x32,0x34,
  0x68,0x2d,0x37,0x36,0x38,0x71,0x2d,0x35,0x33,0x20,0x30,0x2d,0x39,0x30,0x2e,0x35,
  0x2d,0x33,0x37,0x2e,0x35,0x54,0x2e,0x34,0x32,0x38,0x20,0x38,0x39,0x36,0x56,0x31,
  0x32,0x38,0x71,0x30,0x2d,0x35,0x33,0x20,0x33,0x37,0x2e,0x35,0x2d,0x39,0x30,0x2e,
  0x35,0x74,0x39,0x30,0x2e,0x35,0x2d,0x33,0x37,0x2e,0x35,0x68,0x37,0x36,0x38,0x71,
  0x35,0x33,0x20,0x30,0x20,0x39,0x30,0x2e,0x35,0x20,0x33,0x37,0x2e,0x35,0x74,0x33,
  0x37,0x2e,0x35,0x20,0x39,0x30,0x2e,0x35,0x76,0x37,0x36,0x38,0x71,0x30,0x20,0x35,
  0x33,0x2d,0x33,0x37,0x2e,0x35,0x20,0x39,0x30,0x2e,0x35,0x74,0x2d,0x39,0x30,0x2e,
  0x35,0x20,0x33,0x37,0x2e,0x35,0x6d,0x2d,0x36,0x34,0x30,0x2d,0x38,0x36,0x34,0x71,
  0x30,0x2d,0x31,0x33,0x2d,0x39,0x2e,0x35,0x2d,0x32,0x32,0x2e,0x35,0x74,0x2d,0x32,
  0x32,0x2e,0x35,0x2d,0x39,0x2e,0x35,0x68,0x2d,0x36,0x34,0x71,0x2d,0x31,0x33,0x20,
  0x30,0x2d,0x32,0x32,0x2e,0x35,0x20,0x39,0x2e,0x35,0x74,0x2d,0x39,0x2e,0x35,0x20,
  0x32,0x32,0x2e,0x35,0x76,0x36,0x34,0x71,0x30,0x20,0x31,0x33,0x20,0x39,0x2e,0x35,
  0x20,0x32,0x32,0x2e,0x35,0x74,0x32,0x32,0x2e,0x35,0x20,0x39,0x2e,0x35,0x68,0x36,
  0x34,0x71,0x31,0x33,0x20,0x30,0x20,0x32,0x32,0x2e,0x35,0x2d,0x39,0x2e,0x35,0x74,
  0x39,0x2e,0x35,0x2d,0x32,0x32,0x2e,0x35,0x7a,0x6d,0x31,0x39,0x32,0x20,0x30,0x71,
  0x30,0x2d,0x31,0x33,0x2d,0x39,0x2e,0x35,0x2d,0x32,0x32,0x2e,0x35,0x74,0x2d,0x32,
  0x32,0x2e,0x35,0x2d,0x39,0x2e,0x35,0x68,0x2d,0x36,0x34,0x71,0x2d,0x31,0x33,0x20,
  0x30,0x2d,0x32,0x32,0x2e,0x35,0x20,0x39,0x2e,0x35,0x74,0x2d,0x39,0x2e,0x35,0x20,
  0x32,0x32,0x2e,0x35,0x76,0x36,0x34,0x71,0x30,0x20,0x31,0x33,0x20,0x39,0x2e,0x35,
  0x20,0x32,0x32,0x2e,0x35,0x74,0x32,0x32,0x2e,0x35,0x20,0x39,0x2e,0x35,0x68,0x36,
  0x34,0x71,0x31,0x33,0x20,0x30,0x20,0x32,0x32,0x2e,0x35,0x2d,0x39,0x2e,0x35,0x74,
  0x39,0x2e,0x35,0x2d,0x32,0x32,0x2e,0x35,0x7a,0x6d,0x34,0x34,0x38,0x20,0x30,0x71,
  0x30,0x2d,0x31,0x33,0x2d,0x39,0x2e,0x35,0x2d,0x32,0x32,0x2e,0x35,0x74,0x2d,0x32,
  0x32,0x2e,0x35,0x2d,0x39,0x2e,0x35,0x68,0x2d,0x33,0x32,0x30,0x71,0x2d,0x31,0x33,
  0x20,0x30,0x2d,0x32,0x32,0x2e,0x35,0x20,0x39,0x2e,0x35,0x74,0x2d,0x39,0x2e,0x35,
  0x20,0x32,0x32,0x2e,0x35,0x76,0x36,0x34,0x71,0x30,0x20,0x31,0x33,0x20,0x39,0x2e,
  0x35,0x20,0x32,0x32,0x2e,0x35,0x74,0x32,0x32,0x2e,0x35,0x20,0x39,0x2e,0x35,0x68,
  0x33,0x32,0x30,0x71,0x31,0x33,0x20,0x30,0x20,0x32,0x32,0x2e,0x35,0x2d,0x39,0x2e,
  0x35,0x74,0x39,0x2e,0x35,0x2d,0x32,0x32,0x2e,0x35,0x7a,0x6d,0x30,0x20,0x31,0x39,
  0x32,0x71,0x30,0x2d,0x31,0x33,0x2d,0x39,0x2e,0x35,0x2d,0x32,0x32,0x2e,0x35,0x74,
  0x2d,0x32,0x32,0x2e,0x35,0x2d,0x39,0x2e,0x35,0x68,0x2d,0x37,0x30,0x34,0x71,0x2d,
  0x31,0x33,0x20,0x30,0x2d,0x32,0x32,0x2e,0x35,0x20,0x39,0x2e,0x35,0x74,0x2d,0x39,
  0x2e,0x35,0x20,0x32,0x32,0x2e,0x35,0x76,0x35,0x31,0x32,0x71,0x30,0x20,0x31,0x33,
  0x20,0x39,0x2e,0x35,0x20,0x32,0x32,0x2e,0x35,0x74,0x32,0x32,0x2e,0x35,0x20,0x39,
  0x2e,0x35,0x68,0x37,0x30,0x34,0x71,0x31,0x33,0x20,0x30,0x20,0x32,0x32,0x2e,0x35,
  0x2d,0x39,0x2e,0x35,0x74,0x39,0x2e,0x35,0x2d,0x32,0x32,0x2e,0x35,0x7a,0x6d,0x2d,
  0x32,0x35,0x36,0x20,0x33,0x35,0x32,0x68,0x2d,0x36,0x34,0x76,0x36,0x34,0x71,0x30,
  0x20,0x32,0x37,0x2d,0x31,0x39,0x20,0x34,0x35,0x2e,0x35,0x74,0x2d,0x34,0x35,0x2e,
  0x35,0x20,0x31,0x38,0x2e,0x35,0x74,0x2d,0x34,0x35,0x2d,0x31,0x38,0x2e,0x35,0x74,
  0x2d,0x31,0x38,0x2e,0x35,0x2d,0x34,0x35,0x2e,0x35,0x76,0x2d,0x36,0x34,0x68,0x2d,
  0x36,0x34,0x71,0x2d,0x32,0x37,0x20,0x30,0x2d,0x34,0x35,0x2e,0x35,0x2d,0x31,0x38,
  0x2e,0x35,0x74,0x2d,0x31,0x38,0x2e,0x35,0x2d,0x34,0x35,0x74,0x31,0x38,0x2e,0x35,
  0x2d,0x34,0x35,0x2e,0x35,0x74,0x34,0x35,0x2e,0x35,0x2d,0x31,0x39,0x68,0x36,0x34,
  0x76,0x2d,0x36,0x34,0x71,0x30,0x2d,0x32,0x36,0x20,0x31,0x38,0x2e,0x35,0x2d,0x34,
  0x35,0x74,0x34,0x35,0x2d,0x31,0x39,0x74,0x34,0x35,0x2e,0x35,0x20,0x31,0x39,0x74,
  0x31,0x39,0x20,0x34,0x35,0x76,0x36,0x34,0x68,0x36,0x34,0x71,0x32,0x36,0x20,0x30,
  0x20,0x34,0x35,0x20,0x31,0x38,0x2e,0x35,0x74,0x31,0x39,0x20,0x34,0x35,0x2e,0x35,
  0x74,0x2d,0x31,0x39,0x20,0x34,0x35,0x2e,0x35,0x74,0x2d,0x34,0x35,0x20,0x31,0x38,
  0x2e,0x35,0x22,0x2f,0x3e,0x3c,0x2f,0x73,0x76,0x67,0x3e,
    // C:/Desktop/draw/icon/OiElevator.svg
  0x0,0x0,0x0,0x8c,
  0x3c,
  0x73,0x76,0x67,0x20,0x78,0x6d,0x6c,0x6e,0x73,0x3d,0x22,0x68,0x74,0x74,0x70,0x3a,
  0x2f,0x2f,0x77,0x77,0x77,0x2e,0x77,0x33,0x2e,0x6f,0x72,0x67,0x2f,0x32,0x30,0x30,
  0x30,0x2f,0x73,0x76,0x67,0x22,0x20,0x77,0x69,0x64,0x74,0x68,0x3d,0x22,0x31,0x32,
  0x38,0x22,0x20,0x68,0x65,0x69,0x67,0x68,0x74,0x3d,0x22,0x31,0x32,0x38,0x22,0x20,
  0x76,0x69,0x65,0x77,0x42,0x6f,0x78,0x3d,0x22,0x30,0x20,0x30,0x20,0x38,0x20,0x38,
  0x22,0x3e,0x3c,0x70,0x61,0x74,0x68,0x20,0x66,0x69,0x6c,0x6c,0x3d,0x22,0x23,0x34,
  0x36,0x61,0x30,0x61,0x61,0x22,0x20,0x64,0x3d,0x22,0x4d,0x34,0x20,0x30,0x4c,0x31,
  0x20,0x33,0x68,0x36,0x7a,0x4d,0x31,0x20,0x35,0x6c,0x33,0x20,0x33,0x6c,0x33,0x2d,
  0x33,0x7a,0x22,0x2f,0x3e,0x3c,0x2f,0x73,0x76,0x67,0x3e,
    // C:/Desktop/draw/icon/set.svg
  0x0,0x0,0x3,0x57,
  0x3c,
  0x3f,0x78,0x6d,0x6c,0x20,0x76,0x65,0x72,0x73,0x69,0x6f,0x6e,0x3d,0x22,0x31,0x2e,
  0x30,0x22,0x20,0x73,0x74,0x61,0x6e,0x64,0x61,0x6c,0x6f,0x6e,0x65,0x3d,0x22,0x6e,
  0x6f,0x22,0x3f,0x3e,0x3c,0x21,0x44,0x4f,0x43,0x54,0x59,0x50,0x45,0x20,0x73,0x76,
  0x67,0x20,0x50,0x55,0x42,0x4c,0x49,0x43,0x20,0x22,0x2d,0x2f,0x2f,0x57,0x33,0x43,
  0x2f,0x2f,0x44,0x54,0x44,0x20,0x53,0x56,0x47,0x20,0x31,0x2e,0x31,0x2f,0x2f,0x45,
  0x4e,0x22,0x20,0x22,0x68,0x74,0x74,0x70,0x3a,0x2f,0x2f,0x77,0x77,0x77,0x2e,0x77,
  0x33,0x2e,0x6f,0x72,0x67,0x2f,0x47,0x72,0x61,0x70,0x68,0x69,0x63,0x73,0x2f,0x53,
  0x56,0x47,0x2f,0x31,0x2e,0x31,0x2f,0x44,0x54,0x44,0x2f,0x73,0x76,0x67,0x31,0x31,
  0x2e,0x64,0x74,0x64,0x22,0x3e,0x3c,0x73,0x76,0x67,0x20,0x74,0x3d,0x22,0x31,0x37,
  0x31,0x37,0x30,0x35,0x31,0x32,0x35,0x35,0x36,0x32,0x34,0x22,0x20,0x63,0x6c,0x61,
  0x73,0x73,0x3d,0x22,0x69,0x63,0x6f,0x6e,0x22,0x20,0x76,0x69,0x65,0x77,0x42,0x6f,
  0x78,0x3d,0x22,0x30,0x20,0x30,0x20,0x31,0x30,0x32,0x34,0x20,0x31,0x30,0x32,0x34,
  0x22,0x20,0x76,0x65,0x72,0x73,0x69,0x6f,0x6e,0x3d,0x22,0x31,0x2e,0x31,0x22,0x20,
  0x78,0x6d,0x6c,0x6e,0x73,0x3d,0x22,0x68,0x74,0x74,0x70,0x3a,0x2f,0x2f,0x77,0x77,
  0x77,0x2e,0x77,0x33,0x2e,0x6f,0x72,0x67,0x2f,0x32,0x30,0x30,0x30,0x2f,0x73,0x76,
  0x67,0x22,0x20,0x70,0x2d,0x69,0x64,0x3d,0x22,0x31,0x34,0x34,0x35,0x22,0x20,0x78,
  0x6d,0x6c,0x6e,0x73,0x3a,0x78,0x6c,0x69,0x6e,0x6b,0x3d,0x22,0x68,0x74,0x74,0x70,
  0x3a,0x2f,0x2f,0x77,0x77,0x77,0x2e,0x77,0x33,0x2e,0x6f,0x72,0x67,0x2f,0x31,0x39,
  0x39,0x39,0x2f,0x78,0x6c,0x69,0x6e,0x6b,0x22,0x20,0x77,0x69,0x64,0x74,0x68,0x3d,
  0x22,0x32,0x30,0x30,0x22,0x20,0x68,0x65,0x69,0x67,0x68,0x74,0x3d,0x22,0x32,0x30,
  0x30,0x22,0x3e,0x3c,0x70,0x61,0x74,0x68,0x20,0x64,0x3d,0x22,0x4d,0x33,0x33,0x38,
  0x20,0x35,0x30,0x36,0x2e,0x35,0x63,0x30,0x20,0x39,0x39,0x20,0x38,0x30,0x2e,0x35,
  0x32,0x20,0x31,0x37,0x39,0x2e,0x35,0x20,0x31,0x37,0x39,0x2e,0x35,0x20,0x31,0x37,
  0x39,0x2e,0x35,0x53,0x36,0x39,0x37,0x20,0x36,0x30,0x35,0x2e,0x34,0x38,0x20,0x36,
  0x39,0x37,0x20,0x35,0x30,0x36,0x2e,0x35,0x20,0x36,0x31,0x36,0x2e,0x34,0x38,0x20,
  0x33,0x32,0x37,0x20,0x35,0x31,0x37,0x2e,0x35,0x20,0x33,0x32,0x37,0x20,0x33,0x33,
  0x38,0x20,0x34,0x30,0x37,0x2e,0x35,0x32,0x20,0x33,0x33,0x38,0x20,0x35,0x30,0x36,
  0x2e,0x35,0x7a,0x4d,0x35,0x31,0x37,0x2e,0x35,0x20,0x34,0x31,0x33,0x61,0x39,0x33,
  0x2e,0x35,0x20,0x39,0x33,0x2e,0x35,0x20,0x30,0x20,0x31,0x20,0x31,0x2d,0x39,0x33,
  0x2e,0x35,0x20,0x39,0x33,0x2e,0x35,0x20,0x39,0x33,0x2e,0x36,0x20,0x39,0x33,0x2e,
  0x36,0x20,0x30,0x20,0x30,0x20,0x31,0x20,0x39,0x33,0x2e,0x35,0x2d,0x39,0x33,0x2e,
  0x35,0x7a,0x22,0x20,0x66,0x69,0x6c,0x6c,0x3d,0x22,0x23,0x34,0x36,0x41,0x30,0x41,
  0x41,0x22,0x20,0x70,0x2d,0x69,0x64,0x3d,0x22,0x31,0x34,0x34,0x36,0x22,0x3e,0x3c,
  0x2f,0x70,0x61,0x74,0x68,0x3e,0x3c,0x70,0x61,0x74,0x68,0x20,0x64,0x3d,0x22,0x4d,
  0x38,0x37,0x31,0x2e,0x33,0x37,0x20,0x32,0x36,0x39,0x2e,0x38,0x37,0x4c,0x35,0x33,
  0x36,0x2e,0x39,0x33,0x20,0x37,0x36,0x2e,0x37,0x38,0x61,0x35,0x30,0x20,0x35,0x30,
  0x20,0x30,0x20,0x30,0x20,0x30,0x2d,0x35,0x30,0x20,0x30,0x4c,0x31,0x34,0x39,0x20,
  0x32,0x37,0x31,0x2e,0x38,0x39,0x61,0x34,0x33,0x20,0x34,0x33,0x20,0x30,0x20,0x30,
  0x20,0x30,0x2d,0x32,0x31,0x2e,0x35,0x20,0x33,0x37,0x2e,0x32,0x34,0x76,0x33,0x39,
  0x34,0x2e,0x32,0x35,0x61,0x34,0x33,0x20,0x34,0x33,0x20,0x30,0x20,0x30,0x20,0x30,
  0x20,0x32,0x31,0x2e,0x35,0x20,0x33,0x37,0x2e,0x32,0x34,0x6c,0x33,0x34,0x31,0x2e,
  0x34,0x33,0x20,0x31,0x39,0x37,0x2e,0x31,0x33,0x61,0x34,0x33,0x20,0x34,0x33,0x20,
  0x30,0x20,0x30,0x20,0x30,0x20,0x34,0x33,0x20,0x30,0x6c,0x33,0x33,0x37,0x2e,0x39,
  0x34,0x2d,0x31,0x39,0x35,0x2e,0x31,0x31,0x61,0x35,0x30,0x20,0x35,0x30,0x20,0x30,
  0x20,0x30,0x20,0x30,0x20,0x32,0x35,0x2d,0x34,0x33,0x2e,0x33,0x56,0x33,0x31,0x33,
  0x2e,0x31,0x37,0x61,0x35,0x30,0x20,0x35,0x30,0x20,0x30,0x20,0x30,0x20,0x30,0x2d,
  0x32,0x35,0x2d,0x34,0x33,0x2e,0x33,0x7a,0x20,0x6d,0x2d,0x36,0x31,0x20,0x34,0x30,
  0x38,0x2e,0x36,0x39,0x6c,0x2d,0x32,0x39,0x38,0x2e,0x34,0x34,0x20,0x31,0x37,0x32,
  0x2e,0x33,0x2d,0x32,0x39,0x38,0x2e,0x34,0x33,0x2d,0x31,0x37,0x32,0x2e,0x33,0x56,
  0x33,0x33,0x34,0x6c,0x32,0x39,0x38,0x2e,0x34,0x33,0x2d,0x31,0x37,0x32,0x2e,0x33,
  0x4c,0x38,0x31,0x30,0x2e,0x33,0x37,0x20,0x33,0x33,0x34,0x7a,0x22,0x20,0x66,0x69,
  0x6c,0x6c,0x3d,0x22,0x23,0x34,0x36,0x41,0x30,0x41,0x41,0x22,0x20,0x70,0x2d,0x69,
  0x64,0x3d,0x22,0x31,0x34,0x34,0x37,0x22,0x3e,0x3c,0x2f,0x70,0x61,0x74,0x68,0x3e,
  0x3c,0x2f,0x73,0x76,0x67,0x3e,
    // C:/Desktop/draw/icon/FaEyedropper.svg
  0x0,0x0,0x1,0xb0,
  0x3c,
  0x73,0x76,0x67,0x20,0x78,0x6d,0x6c,0x6e,0x73,0x3d,0x22,0x68,0x74,0x74,0x70,0x3a,
  0x2f,0x2f,0x77,0x77,0x77,0x2e,0x77,0x33,0x2e,0x6f,0x72,0x67,0x2f,0x32,0x30,0x30,
  0x30,0x2f,0x73,0x76,0x67,0x22,0x20,0x77,0x69,0x64,0x74,0x68,0x3d,0x22,0x33,0x32,
  0x22,0x20,0x68,0x65,0x69,0x67,0x68,0x74,0x3d,0x22,0x33,0x32,0x22,0x20,0x76,0x69,
  0x65,0x77,0x42,0x6f,0x78,0x3d,0x22,0x30,0x20,0x30,0x20,0x31,0x37,0x39,0x32,0x20,
  0x31,0x37,0x39,0x32,0x22,0x3e,0x3c,0x70,0x61,0x74,0x68,0x20,0x66,0x69,0x6c,0x6c,
  0x3d,0x22,0x23,0x34,0x36,0x61,0x30,0x61,0x61,0x22,0x20,0x64,0x3d,0x22,0x4d,0x31,
  0x36,0x39,0x38,0x20,0x39,0x34,0x71,0x39,0x34,0x20,0x39,0x34,0x20,0x39,0x34,0x20,
  0x32,0x32,0x36,0x2e,0x35,0x54,0x31,0x36,0x39,0x38,0x20,0x35,0x34,0x36,0x6c,0x2d,
  0x32,0x32,0x35,0x20,0x32,0x32,0x33,0x6c,0x31,0x30,0x34,0x20,0x31,0x30,0x34,0x71,
  0x31,0x30,0x20,0x31,0x30,0x20,0x31,0x30,0x20,0x32,0x33,0x74,0x2d,0x31,0x30,0x20,
  0x32,0x33,0x6c,0x2d,0x32,0x31,0x30,0x20,0x32,0x31,0x30,0x71,0x2d,0x31,0x30,0x20,
  0x31,0x30,0x2d,0x32,0x33,0x20,0x31,0x30,0x74,0x2d,0x32,0x33,0x2d,0x31,0x30,0x6c,
  0x2d,0x31,0x30,0x35,0x2d,0x31,0x30,0x35,0x6c,0x2d,0x36,0x30,0x33,0x20,0x36,0x30,
  0x33,0x71,0x2d,0x33,0x37,0x20,0x33,0x37,0x2d,0x39,0x30,0x20,0x33,0x37,0x48,0x33,
  0x32,0x30,0x4c,0x36,0x34,0x20,0x31,0x37,0x39,0x32,0x6c,0x2d,0x36,0x34,0x2d,0x36,
  0x34,0x6c,0x31,0x32,0x38,0x2d,0x32,0x35,0x36,0x76,0x2d,0x32,0x30,0x33,0x71,0x30,
  0x2d,0x35,0x33,0x20,0x33,0x37,0x2d,0x39,0x30,0x6c,0x36,0x30,0x33,0x2d,0x36,0x30,
  0x33,0x6c,0x2d,0x31,0x30,0x35,0x2d,0x31,0x30,0x35,0x71,0x2d,0x31,0x30,0x2d,0x31,
  0x30,0x2d,0x31,0x30,0x2d,0x32,0x33,0x74,0x31,0x30,0x2d,0x32,0x33,0x6c,0x32,0x31,
  0x30,0x2d,0x32,0x31,0x30,0x71,0x31,0x30,0x2d,0x31,0x30,0x20,0x32,0x33,0x2d,0x31,
  0x30,0x74,0x32,0x33,0x20,0x31,0x30,0x6c,0x31,0x30,0x34,0x20,0x31,0x30,0x34,0x6c,
  0x32,0x32,0x33,0x2d,0x32,0x32,0x35,0x71,0x39,0x33,0x2d,0x39,0x34,0x20,0x32,0x32,
  0x35,0x2e,0x35,0x2d,0x39,0x34,0x54,0x31,0x36,0x39,0x38,0x20,0x39,0x34,0x4d,0x35,
  0x31,0x32,0x20,0x31,0x34,0x37,0x32,0x6c,0x35,0x37,0x36,0x2d,0x35,0x37,0x36,0x6c,
  0x2d,0x31,0x39,0x32,0x2d,0x31,0x39,0x32,0x6c,0x2d,0x35,0x37,0x36,0x20,0x35,0x37,
  0x36,0x76,0x31,0x39,0x32,0x7a,0x22,0x2f,0x3e,0x3c,0x2f,0x73,0x76,0x67,0x3e,
    // C:/Desktop/draw/icon/PhLightningFill.svg
  0x0,0x0,0x1,0xc,
  0x3c,
  0x73,0x76,0x67,0x20,0x78,0x6d,0x6c,0x6e,0x73,0x3d,0x22,0x68,0x74,0x74,0x70,0x3a,
  0x2f,0x2f,0x77,0x77,0x77,0x2e,0x77,0x33,0x2e,0x6f,0x72,0x67,0x2f,0x32,0x30,0x30,
  0x30,0x2f,0x73,0x76,0x67,0x22,0x20,0x77,0x69,0x64,0x74,0x68,0x3d,0x22,0x33,0x32,
  0x22,0x20,0x68,0x65,0x69,0x67,0x68,0x74,0x3d,0x22,0x33,0x32,0x22,0x20,0x76,0x69,
  0x65,0x77,0x42,0x6f,0x78,0x3d,0x22,0x30,0x20,0x30,0x20,0x32,0x35,0x36,0x20,0x32,
  0x35,0x36,0x22,0x3e,0x3c,0x70,0x61,0x74,0x68,0x20,0x66,0x69,0x6c,0x6c,0x3d,0x22,
  0x23,0x34,0x36,0x61,0x30,0x61,0x61,0x22,0x20,0x64,0x3d,0x22,0x6d,0x32,0x31,0x33,
  0x2e,0x38,0x35,0x20,0x31,0x32,0x35,0x2e,0x34,0x36,0x6c,0x2d,0x31,0x31,0x32,0x20,
  0x31,0x32,0x30,0x61,0x38,0x20,0x38,0x20,0x30,0x20,0x30,0x20,0x31,0x2d,0x31,0x33,
  0x2e,0x36,0x39,0x2d,0x37,0x6c,0x31,0x34,0x2e,0x36,0x36,0x2d,0x37,0x33,0x2e,0x33,
  0x33,0x6c,0x2d,0x35,0x37,0x2e,0x36,0x33,0x2d,0x32,0x31,0x2e,0x36,0x34,0x61,0x38,
  0x20,0x38,0x20,0x30,0x20,0x30,0x20,0x31,0x2d,0x33,0x2d,0x31,0x33,0x6c,0x31,0x31,
  0x32,0x2d,0x31,0x32,0x30,0x61,0x38,0x20,0x38,0x20,0x30,0x20,0x30,0x20,0x31,0x20,
  0x31,0x33,0x2e,0x36,0x39,0x20,0x37,0x6c,0x2d,0x31,0x34,0x2e,0x37,0x20,0x37,0x33,
  0x2e,0x34,0x31,0x6c,0x35,0x37,0x2e,0x36,0x33,0x20,0x32,0x31,0x2e,0x36,0x31,0x61,
  0x38,0x20,0x38,0x20,0x30,0x20,0x30,0x20,0x31,0x20,0x33,0x20,0x31,0x32,0x2e,0x39,
  0x35,0x5a,0x22,0x2f,0x3e,0x3c,0x2f,0x73,0x76,0x67,0x3e,
    // C:/Desktop/draw/icon/SolarExitBoldDuotone.svg
  0x0,0x0,0x2,0xde,
  0x3c,
  0x73,0x76,0x67,0x20,0x78,0x6d,0x6c,0x6e,0x73,0x3d,0x22,0x68,0x74,0x74,0x70,0x3a,
  0x2f,0x2f,0x77,0x77,0x77,0x2e,0x77,0x33,0x2e,0x6f,0x72,0x67,0x2f,0x32,0x30,0x30,
  0x30,0x2f,0x73,0x76,0x67,0x22,0x20,0x77,0x69,0x64,0x74,0x68,0x3d,0x22,0x31,0x32,
  0x38,0x22,0x20,0x68,0x65,0x69,0x67,0x68,0x74,0x3d,0x22,0x31,0x32,0x38,0x22,0x20,
  0x76,0x69,0x65,0x77,0x42,0x6f,0x78,0x3d,0x22,0x30,0x20,0x30,0x20,0x32,0x34,0x20,
  0x32,0x34,0x22,0x3e,0x3c,0x70,0x61,0x74,0x68,0x20,0x66,0x69,0x6c,0x6c,0x3d,0x22,
  0x23,0x33,0x63,0x61,0x61,0x61,0x30,0x22,0x20,0x64,0x3d,0x22,0x4d,0x39,0x2e,0x30,
  0x35,0x32,0x20,0x34,0x2e,0x35,0x43,0x39,0x20,0x35,0x2e,0x30,0x37,0x38,0x20,0x39,
  0x20,0x35,0x2e,0x38,0x30,0x34,0x20,0x39,0x20,0x36,0x2e,0x37,0x32,0x32,0x76,0x31,
  0x30,0x2e,0x35,0x35,0x36,0x63,0x30,0x20,0x2e,0x39,0x31,0x38,0x20,0x30,0x20,0x31,
  0x2e,0x36,0x34,0x34,0x2e,0x30,0x35,0x32,0x20,0x32,0x2e,0x32,0x32,0x32,0x48,0x38,
  0x63,0x2d,0x32,0x2e,0x33,0x35,0x37,0x20,0x30,0x2d,0x33,0x2e,0x35,0x33,0x36,0x20,
  0x30,0x2d,0x34,0x2e,0x32,0x36,0x38,0x2d,0x2e,0x37,0x33,0x32,0x43,0x33,0x20,0x31,
  0x38,0x2e,0x30,0x33,0x35,0x20,0x33,0x20,0x31,0x36,0x2e,0x38,0x35,0x37,0x20,0x33,
  0x20,0x31,0x34,0x2e,0x35,0x76,0x2d,0x35,0x63,0x30,0x2d,0x32,0x2e,0x33,0x35,0x37,
  0x20,0x30,0x2d,0x33,0x2e,0x35,0x33,0x36,0x2e,0x37,0x33,0x32,0x2d,0x34,0x2e,0x32,
  0x36,0x38,0x53,0x35,0x2e,0x36,0x34,0x33,0x20,0x34,0x2e,0x35,0x20,0x38,0x20,0x34,
  0x2e,0x35,0x7a,0x22,0x20,0x6f,0x70,0x61,0x63,0x69,0x74,0x79,0x3d,0x22,0x2e,0x35,
  0x22,0x2f,0x3e,0x3c,0x70,0x61,0x74,0x68,0x20,0x66,0x69,0x6c,0x6c,0x3d,0x22,0x23,
  0x33,0x63,0x61,0x61,0x61,0x30,0x22,0x20,0x66,0x69,0x6c,0x6c,0x2d,0x72,0x75,0x6c,
  0x65,0x3d,0x22,0x65,0x76,0x65,0x6e,0x6f,0x64,0x64,0x22,0x20,0x64,0x3d,0x22,0x4d,
  0x39,0x2e,0x37,0x30,0x37,0x20,0x32,0x2e,0x34,0x30,0x39,0x43,0x39,0x20,0x33,0x2e,
  0x30,0x33,0x36,0x20,0x39,0x20,0x34,0x2e,0x31,0x38,0x33,0x20,0x39,0x20,0x36,0x2e,
  0x34,0x37,0x36,0x76,0x31,0x31,0x2e,0x30,0x34,0x38,0x63,0x30,0x20,0x32,0x2e,0x32,
  0x39,0x33,0x20,0x30,0x20,0x33,0x2e,0x34,0x34,0x2e,0x37,0x30,0x37,0x20,0x34,0x2e,
  0x30,0x36,0x37,0x73,0x31,0x2e,0x37,0x38,0x38,0x2e,0x34,0x33,0x39,0x20,0x33,0x2e,
  0x39,0x35,0x2e,0x30,0x36,0x32,0x6c,0x32,0x2e,0x33,0x33,0x2d,0x2e,0x34,0x30,0x36,
  0x63,0x32,0x2e,0x33,0x39,0x34,0x2d,0x2e,0x34,0x31,0x38,0x20,0x33,0x2e,0x35,0x39,
  0x31,0x2d,0x2e,0x36,0x32,0x37,0x20,0x34,0x2e,0x33,0x30,0x32,0x2d,0x31,0x2e,0x35,
  0x30,0x35,0x63,0x2e,0x37,0x31,0x31,0x2d,0x2e,0x38,0x37,0x39,0x2e,0x37,0x31,0x31,
  0x2d,0x32,0x2e,0x31,0x34,0x39,0x2e,0x37,0x31,0x31,0x2d,0x34,0x2e,0x36,0x39,0x56,
  0x38,0x2e,0x39,0x34,0x38,0x63,0x30,0x2d,0x32,0x2e,0x35,0x34,0x20,0x30,0x2d,0x33,
  0x2e,0x38,0x31,0x2d,0x2e,0x37,0x31,0x2d,0x34,0x2e,0x36,0x38,0x39,0x63,0x2d,0x2e,
  0x37,0x31,0x32,0x2d,0x2e,0x38,0x37,0x38,0x2d,0x31,0x2e,0x39,0x31,0x2d,0x31,0x2e,
  0x30,0x38,0x37,0x2d,0x34,0x2e,0x33,0x30,0x34,0x2d,0x31,0x2e,0x35,0x30,0x34,0x6c,
  0x2d,0x32,0x2e,0x33,0x32,0x38,0x2d,0x2e,0x34,0x30,0x37,0x63,0x2d,0x32,0x2e,0x31,
  0x36,0x32,0x2d,0x2e,0x33,0x37,0x37,0x2d,0x33,0x2e,0x32,0x34,0x33,0x2d,0x2e,0x35,
  0x36,0x35,0x2d,0x33,0x2e,0x39,0x35,0x2e,0x30,0x36,0x32,0x6d,0x33,0x2e,0x30,0x34,
  0x33,0x20,0x38,0x2e,0x35,0x34,0x35,0x63,0x30,0x2d,0x2e,0x34,0x33,0x34,0x2d,0x2e,
  0x33,0x33,0x36,0x2d,0x2e,0x37,0x38,0x35,0x2d,0x2e,0x37,0x35,0x2d,0x2e,0x37,0x38,
  0x35,0x73,0x2d,0x2e,0x37,0x35,0x2e,0x33,0x35,0x31,0x2d,0x2e,0x37,0x35,0x2e,0x37,
  0x38,0x34,0x76,0x32,0x2e,0x30,0x39,0x34,0x63,0x30,0x20,0x2e,0x34,0x33,0x33,0x2e,
  0x33,0x33,0x36,0x2e,0x37,0x38,0x34,0x2e,0x37,0x35,0x2e,0x37,0x38,0x34,0x73,0x2e,
  0x37,0x35,0x2d,0x2e,0x33,0x35,0x31,0x2e,0x37,0x35,0x2d,0x2e,0x37,0x38,0x34,0x7a,
  0x22,0x20,0x63,0x6c,0x69,0x70,0x2d,0x72,0x75,0x6c,0x65,0x3d,0x22,0x65,0x76,0x65,
  0x6e,0x6f,0x64,0x64,0x22,0x2f,0x3e,0x3c,0x2f,0x73,0x76,0x67,0x3e,
    // C:/Desktop/draw/icon/loving heart.svg
  0x0,0x0,0x4,0x45,
  0x3c,
  0x3f,0x78,0x6d,0x6c,0x20,0x76,0x65,0x72,0x73,0x69,0x6f,0x6e,0x3d,0x22,0x31,0x2e,
  0x30,0x22,0x20,0x73,0x74,0x61,0x6e,0x64,0x61,0x6c,0x6f,0x6e,0x65,0x3d,0x22,0x6e,
  0x6f,0x22,0x3f,0x3e,0x3c,0x21,0x44,0x4f,0x43,0x54,0x59,0x50,0x45,0x20,0x73,0x76,
  0x67,0x20,0x50,0x55,0x42,0x4c,0x49,0x43,0x20,0x22,0x2d,0x2f,0x2f,0x57,0x33,0x43,
  0x2f,0x2f,0x44,0x54,0x44,0x20,0x53,0x56,0x47,0x20,0x31,0x2e,0x31,0x2f,0x2f,0x45,
  0x4e,0x22,0x20,0x22,0x68,0x74,0x74,0x70,0x3a,0x2f,0x2f,0x77,0x77,0x77,0x2e,0x77,
  0x33,0x2e,0x6f,0x72,0x67,0x2f,0x47,0x72,0x61,0x70,0x68,0x69,0x63,0x73,0x2f,0x53,
  0x56,0x47,0x2f,0x31,0x2e,0x31,0x2f,0x44,0x54,0x44,0x2f,0x73,0x76,0x67,0x31,0x31,
  0x2e,0x64,0x74,0x64,0x22,0x3e,0x3c,0x73,0x76,0x67,0x20,0x74,0x3d,0x22,0x31,0x37,
  0x31,0x37,0x30,0x35,0x32,0x32,0x31,0x35,0x38,0x34,0x36,0x22,0x20,0x63,0x6c,0x61,
  0x73,0x73,0x3d,0x22,0x69,0x63,0x6f,0x6e,0x22,0x20,0x76,0x69,0x65,0x77,0x42,0x6f,
  0x78,0x3d,0x22,0x30,0x20,0x30,0x20,0x31,0x30,0x32,0x34,0x20,0x31,0x30,0x32,0x34,
  0x22,0x20,0x76,0x65,0x72,0x73,0x69,0x6f,0x6e,0x3d,0x22,0x31,0x2e,0x31,0x22,0x20,
  0x78,0x6d,0x6c,0x6e,0x73,0x3d,0x22,0x68,0x74,0x74,0x70,0x3a,0x2f,0x2f,0x77,0x77,
  0x77,0x2e,0x77,0x33,0x2e,0x6f,0x72,0x67,0x2f,0x32,0x30,0x30,0x30,0x2f,0x73,0x76,
  0x67,0x22,0x20,0x70,0x2d,0x69,0x64,0x3d,0x22,0x34,0x35,0x34,0x38,0x33,0x22,0x20,
  0x78,0x6d,0x6c,0x6e,0x73,0x3a,0x78,0x6c,0x69,0x6e,0x6b,0x3d,0x22,0x68,0x74,0x74,
  0x70,0x3a,0x2f,0x2f,0x77,0x77,0x77,0x2e,0x77,0x33,0x2e,0x6f,0x72,0x67,0x2f,0x31,
  0x39,0x39,0x39,0x2f,0x78,0x6c,0x69,0x6e,0x6b,0x22,0x20,0x77,0x69,0x64,0x74,0x68,
  0x3d,0x22,0x32,0x30,0x30,0x22,0x20,0x68,0x65,0x69,0x67,0x68,0x74,0x3d,0x22,0x32,
  0x30,0x30,0x22,0x3e,0x3c,0x70,0x61,0x74,0x68,0x20,0x64,0x3d,0x22,0x4d,0x39,0x30,
  0x33,0x2e,0x30,0x36,0x20,0x31,0x36,0x39,0x2e,0x33,0x31,0x63,0x2d,0x34,0x38,0x2e,
  0x33,0x34,0x2d,0x34,0x38,0x2e,0x37,0x36,0x2d,0x31,0x31,0x34,0x2e,0x30,0x35,0x2d,
  0x37,0x36,0x2e,0x30,0x32,0x2d,0x31,0x38,0x34,0x2e,0x32,0x37,0x2d,0x37,0x36,0x2e,
  0x30,0x32,0x2d,0x37,0x30,0x2e,0x32,0x32,0x20,0x30,0x2d,0x31,0x33,0x35,0x2e,0x39,
  0x33,0x20,0x32,0x37,0x2e,0x32,0x36,0x2d,0x31,0x38,0x35,0x2e,0x30,0x32,0x20,0x37,
  0x36,0x2e,0x37,0x36,0x6c,0x2d,0x32,0x31,0x2e,0x34,0x31,0x20,0x32,0x31,0x2e,0x32,
  0x36,0x2d,0x32,0x31,0x2e,0x35,0x31,0x2d,0x32,0x31,0x2e,0x35,0x31,0x63,0x2d,0x34,
  0x39,0x2e,0x33,0x34,0x2d,0x34,0x39,0x2e,0x33,0x34,0x2d,0x31,0x31,0x35,0x2e,0x30,
  0x37,0x2d,0x37,0x36,0x2e,0x35,0x31,0x2d,0x31,0x38,0x35,0x2e,0x30,0x36,0x2d,0x37,
  0x36,0x2e,0x35,0x31,0x2d,0x36,0x39,0x2e,0x39,0x39,0x20,0x30,0x2d,0x31,0x33,0x35,
  0x2e,0x37,0x32,0x20,0x32,0x37,0x2e,0x31,0x37,0x2d,0x31,0x38,0x35,0x2e,0x30,0x36,
  0x20,0x37,0x36,0x2e,0x35,0x31,0x2d,0x34,0x39,0x2e,0x32,0x35,0x20,0x34,0x38,0x2e,
  0x38,0x35,0x2d,0x37,0x36,0x2e,0x35,0x32,0x20,0x31,0x31,0x34,0x2e,0x35,0x36,0x2d,
  0x37,0x36,0x2e,0x35,0x32,0x20,0x31,0x38,0x34,0x2e,0x37,0x38,0x73,0x32,0x37,0x2e,
  0x32,0x37,0x20,0x31,0x33,0x35,0x2e,0x39,0x33,0x20,0x37,0x36,0x2e,0x37,0x37,0x20,
  0x31,0x38,0x35,0x2e,0x30,0x32,0x6c,0x38,0x31,0x2e,0x39,0x35,0x20,0x38,0x31,0x2e,
  0x39,0x36,0x4c,0x34,0x35,0x31,0x2e,0x38,0x20,0x38,0x37,0x30,0x2e,0x34,0x34,0x6c,
  0x36,0x30,0x2e,0x32,0x37,0x20,0x36,0x30,0x2e,0x32,0x37,0x20,0x36,0x30,0x2e,0x33,
  0x34,0x2d,0x36,0x30,0x2e,0x32,0x20,0x32,0x34,0x39,0x2e,0x34,0x34,0x2d,0x32,0x34,
  0x38,0x2e,0x38,0x38,0x20,0x38,0x31,0x2e,0x39,0x32,0x2d,0x38,0x32,0x2e,0x34,0x38,
  0x63,0x34,0x38,0x2e,0x30,0x36,0x2d,0x34,0x37,0x2e,0x32,0x36,0x20,0x37,0x36,0x2e,
  0x30,0x33,0x2d,0x31,0x31,0x34,0x2e,0x37,0x39,0x20,0x37,0x36,0x2e,0x30,0x33,0x2d,
  0x31,0x38,0x34,0x2e,0x35,0x37,0x2d,0x30,0x2e,0x30,0x31,0x2d,0x36,0x39,0x2e,0x37,
  0x38,0x2d,0x32,0x37,0x2e,0x39,0x37,0x2d,0x31,0x33,0x37,0x2e,0x33,0x31,0x2d,0x37,
  0x36,0x2e,0x37,0x34,0x2d,0x31,0x38,0x35,0x2e,0x32,0x37,0x7a,0x20,0x6d,0x2d,0x35,
  0x39,0x2e,0x38,0x34,0x20,0x33,0x30,0x39,0x2e,0x37,0x31,0x6c,0x2d,0x38,0x31,0x2e,
  0x36,0x34,0x20,0x38,0x32,0x2e,0x32,0x31,0x4c,0x35,0x31,0x32,0x2e,0x31,0x34,0x20,
  0x38,0x31,0x30,0x2e,0x31,0x20,0x32,0x36,0x33,0x2e,0x32,0x37,0x20,0x35,0x36,0x31,
  0x2e,0x32,0x32,0x6c,0x2d,0x38,0x32,0x2e,0x32,0x2d,0x38,0x32,0x2e,0x32,0x31,0x63,
  0x2d,0x36,0x38,0x2e,0x37,0x2d,0x36,0x38,0x2e,0x31,0x33,0x2d,0x36,0x38,0x2e,0x37,
  0x2d,0x31,0x38,0x30,0x2e,0x37,0x34,0x20,0x30,0x2d,0x32,0x34,0x38,0x2e,0x38,0x38,
  0x20,0x33,0x34,0x2e,0x33,0x35,0x2d,0x33,0x34,0x2e,0x33,0x35,0x20,0x37,0x39,0x2e,
  0x35,0x33,0x2d,0x35,0x31,0x2e,0x35,0x32,0x20,0x31,0x32,0x34,0x2e,0x37,0x32,0x2d,
  0x35,0x31,0x2e,0x35,0x32,0x73,0x39,0x30,0x2e,0x33,0x37,0x20,0x31,0x37,0x2e,0x31,
  0x37,0x20,0x31,0x32,0x34,0x2e,0x37,0x32,0x20,0x35,0x31,0x2e,0x35,0x32,0x6c,0x35,
  0x34,0x2e,0x30,0x38,0x20,0x35,0x34,0x2e,0x30,0x39,0x68,0x35,0x35,0x2e,0x33,0x31,
  0x6c,0x35,0x34,0x2e,0x34,0x36,0x2d,0x35,0x34,0x2e,0x30,0x39,0x63,0x33,0x34,0x2e,
  0x30,0x37,0x2d,0x33,0x34,0x2e,0x33,0x35,0x20,0x37,0x39,0x2e,0x32,0x35,0x2d,0x35,
  0x31,0x2e,0x35,0x32,0x20,0x31,0x32,0x34,0x2e,0x34,0x34,0x2d,0x35,0x31,0x2e,0x35,
  0x32,0x73,0x39,0x30,0x2e,0x33,0x37,0x20,0x31,0x37,0x2e,0x31,0x37,0x20,0x31,0x32,
  0x34,0x2e,0x34,0x33,0x20,0x35,0x31,0x2e,0x35,0x32,0x63,0x33,0x34,0x2e,0x33,0x35,
  0x20,0x33,0x33,0x2e,0x37,0x39,0x20,0x35,0x31,0x2e,0x32,0x34,0x20,0x37,0x39,0x2e,
  0x33,0x39,0x20,0x35,0x31,0x2e,0x32,0x34,0x20,0x31,0x32,0x34,0x2e,0x34,0x34,0x73,
  0x2d,0x31,0x36,0x2e,0x39,0x20,0x39,0x30,0x2e,0x36,0x36,0x2d,0x35,0x31,0x2e,0x32,
  0x35,0x20,0x31,0x32,0x34,0x2e,0x34,0x35,0x7a,0x22,0x20,0x66,0x69,0x6c,0x6c,0x3d,
  0x22,0x23,0x34,0x36,0x41,0x30,0x41,0x41,0x22,0x20,0x70,0x2d,0x69,0x64,0x3d,0x22,
  0x34,0x35,0x34,0x38,0x34,0x22,0x3e,0x3c,0x2f,0x70,0x61,0x74,0x68,0x3e,0x3c,0x2f,
  0x73,0x76,0x67,0x3e,
    // C:/Desktop/draw/icon/ellipse.svg
  0x0,0x0,0x0,0xe8,
  0x3c,
  0x73,0x76,0x67,0x20,0x78,0x6d,0x6c,0x6e,0x73,0x3d,0x22,0x68,0x74,0x74,0x70,0x3a,
  0x2f,0x2f,0x77,0x77,0x77,0x2e,0x77,0x33,0x2e,0x6f,0x72,0x67,0x2f,0x32,0x30,0x30,
  0x30,0x2f,0x73,0x76,0x67,0x22,0x20,0x77,0x69,0x64,0x74,0x68,0x3d,0x22,0x33,0x32,
  0x22,0x20,0x68,0x65,0x69,0x67,0x68,0x74,0x3d,0x22,0x33,0x32,0x22,0x20,0x76,0x69,
  0x65,0x77,0x42,0x6f,0x78,0x3d,0x22,0x30,0x20,0x30,0x20,0x32,0x34,0x20,0x32,0x34,
  0x22,0x3e,0x3c,0x70,0x61,0x74,0x68,0x20,0x66,0x69,0x6c,0x6c,0x3d,0x22,0x23,0x34,
  0x36,0x61,0x30,0x61,0x61,0x22,0x20,0x64,0x3d,0x22,0x4d,0x31,0x32,0x20,0x36,0x63,
  0x34,0x2e,0x34,0x31,0x20,0x30,0x20,0x38,0x20,0x32,0x2e,0x36,0x39,0x20,0x38,0x20,
  0x36,0x73,0x2d,0x33,0x2e,0x35,0x39,0x20,0x36,0x2d,0x38,0x20,0x36,0x73,0x2d,0x38,
  0x2d,0x32,0x2e,0x36,0x39,0x2d,0x38,0x2d,0x36,0x73,0x33,0x2e,0x35,0x39,0x2d,0x36,
  0x20,0x38,0x2d,0x36,0x6d,0x30,0x2d,0x32,0x43,0x36,0x2e,0x35,0x20,0x34,0x20,0x32,
  0x20,0x37,0x2e,0x35,0x38,0x20,0x32,0x20,0x31,0x32,0x73,0x34,0x2e,0x35,0x20,0x38,
  0x20,0x31,0x30,0x20,0x38,0x73,0x31,0x30,0x2d,0x33,0x2e,0x35,0x38,0x20,0x31,0x30,
  0x2d,0x38,0x73,0x2d,0x34,0x2e,0x35,0x2d,0x38,0x2d,0x31,0x30,0x2d,0x38,0x22,0x2f,
  0x3e,0x3c,0x2f,0x73,0x76,0x67,0x3e,
    // C:/Desktop/draw/icon/F7BubbleMiddleBottom.svg
  0x0,0x0,0x2,0x72,
  0x3c,
  0x73,0x76,0x67,0x20,0x78,0x6d,0x6c,0x6e,0x73,0x3d,0x22,0x68,0x74,0x74,0x70,0x3a,
  0x2f,0x2f,0x77,0x77,0x77,0x2e,0x77,0x33,0x2e,0x6f,0x72,0x67,0x2f,0x32,0x30,0x30,
  0x30,0x2f,0x73,0x76,0x67,0x22,0x20,0x77,0x69,0x64,0x74,0x68,0x3d,0x22,0x33,0x32,
  0x22,0x20,0x68,0x65,0x69,0x67,0x68,0x74,0x3d,0x22,0x33,0x32,0x22,0x20,0x76,0x69,
  0x65,0x77,0x42,0x6f,0x78,0x3d,0x22,0x30,0x20,0x30,0x20,0x35,0x36,0x20,0x35,0x36,
  0x22,0x3e,0x3c,0x70,0x61,0x74,0x68,0x20,0x66,0x69,0x6c,0x6c,0x3d,0x22,0x23,0x34,
  0x36,0x61,0x30,0x61,0x61,0x22,0x20,0x64,0x3d,0x22,0x4d,0x32,0x37,0x2e,0x39,0x35,
  0x33,0x20,0x35,0x32,0x2e,0x33,0x36,0x33,0x63,0x31,0x2e,0x30,0x35,0x35,0x20,0x30,
  0x20,0x32,0x2e,0x30,0x34,0x2d,0x2e,0x34,0x34,0x35,0x20,0x32,0x2e,0x39,0x37,0x37,
  0x2d,0x32,0x2e,0x30,0x36,0x32,0x6c,0x34,0x2e,0x33,0x33,0x36,0x2d,0x37,0x2e,0x32,
  0x34,0x32,0x68,0x37,0x2e,0x38,0x32,0x38,0x63,0x36,0x2e,0x39,0x38,0x34,0x20,0x30,
  0x20,0x31,0x30,0x2e,0x37,0x33,0x34,0x2d,0x33,0x2e,0x38,0x36,0x38,0x20,0x31,0x30,
  0x2e,0x37,0x33,0x34,0x2d,0x31,0x30,0x2e,0x37,0x33,0x35,0x56,0x31,0x34,0x2e,0x33,
  0x37,0x31,0x63,0x30,0x2d,0x36,0x2e,0x38,0x36,0x37,0x2d,0x33,0x2e,0x37,0x35,0x2d,
  0x31,0x30,0x2e,0x37,0x33,0x34,0x2d,0x31,0x30,0x2e,0x37,0x33,0x34,0x2d,0x31,0x30,
  0x2e,0x37,0x33,0x34,0x48,0x31,0x32,0x2e,0x39,0x30,0x36,0x63,0x2d,0x36,0x2e,0x39,
  0x36,0x20,0x30,0x2d,0x31,0x30,0x2e,0x37,0x33,0x34,0x20,0x33,0x2e,0x38,0x34,0x34,
  0x2d,0x31,0x30,0x2e,0x37,0x33,0x34,0x20,0x31,0x30,0x2e,0x37,0x33,0x34,0x76,0x31,
  0x37,0x2e,0x39,0x35,0x33,0x63,0x30,0x20,0x36,0x2e,0x38,0x39,0x20,0x33,0x2e,0x37,
  0x37,0x33,0x20,0x31,0x30,0x2e,0x37,0x33,0x35,0x20,0x31,0x30,0x2e,0x37,0x33,0x34,
  0x20,0x31,0x30,0x2e,0x37,0x33,0x35,0x68,0x37,0x2e,0x37,0x33,0x35,0x6c,0x34,0x2e,
  0x33,0x33,0x36,0x20,0x37,0x2e,0x32,0x34,0x32,0x63,0x2e,0x39,0x33,0x37,0x20,0x31,
  0x2e,0x36,0x31,0x37,0x20,0x31,0x2e,0x39,0x32,0x31,0x20,0x32,0x2e,0x30,0x36,0x32,
  0x20,0x32,0x2e,0x39,0x37,0x36,0x20,0x32,0x2e,0x30,0x36,0x32,0x6d,0x30,0x2d,0x33,
  0x2e,0x38,0x34,0x33,0x6c,0x2d,0x33,0x2e,0x39,0x31,0x34,0x2d,0x37,0x2e,0x33,0x33,
  0x36,0x63,0x2d,0x2e,0x37,0x37,0x33,0x2d,0x31,0x2e,0x35,0x32,0x34,0x2d,0x31,0x2e,
  0x33,0x33,0x36,0x2d,0x31,0x2e,0x38,0x39,0x39,0x2d,0x33,0x2d,0x31,0x2e,0x38,0x39,
  0x39,0x68,0x2d,0x38,0x2e,0x31,0x31,0x63,0x2d,0x34,0x2e,0x37,0x35,0x37,0x20,0x30,
  0x2d,0x36,0x2e,0x39,0x38,0x34,0x2d,0x32,0x2e,0x34,0x31,0x34,0x2d,0x36,0x2e,0x39,
  0x38,0x34,0x2d,0x36,0x2e,0x39,0x38,0x34,0x56,0x31,0x34,0x2e,0x33,0x37,0x63,0x30,
  0x2d,0x34,0x2e,0x35,0x37,0x20,0x32,0x2e,0x32,0x32,0x37,0x2d,0x36,0x2e,0x39,0x36,
  0x20,0x36,0x2e,0x39,0x38,0x35,0x2d,0x36,0x2e,0x39,0x36,0x68,0x33,0x30,0x2e,0x31,
  0x36,0x34,0x63,0x34,0x2e,0x37,0x33,0x34,0x20,0x30,0x20,0x36,0x2e,0x39,0x36,0x20,
  0x32,0x2e,0x33,0x39,0x20,0x36,0x2e,0x39,0x36,0x20,0x36,0x2e,0x39,0x36,0x56,0x33,
  0x32,0x2e,0x33,0x63,0x30,0x20,0x34,0x2e,0x35,0x37,0x2d,0x32,0x2e,0x32,0x32,0x36,
  0x20,0x36,0x2e,0x39,0x38,0x34,0x2d,0x36,0x2e,0x39,0x36,0x20,0x36,0x2e,0x39,0x38,
  0x34,0x68,0x2d,0x38,0x2e,0x32,0x32,0x37,0x63,0x2d,0x31,0x2e,0x36,0x36,0x34,0x20,
  0x30,0x2d,0x32,0x2e,0x32,0x32,0x36,0x2e,0x33,0x37,0x35,0x2d,0x32,0x2e,0x39,0x37,
  0x36,0x20,0x31,0x2e,0x38,0x39,0x39,0x5a,0x22,0x2f,0x3e,0x3c,0x2f,0x73,0x76,0x67,
  0x3e,
    // C:/Desktop/draw/icon/LsArrowleft.svg
  0x0,0x0,0x1,0x2b,
  0x3c,
  0x73,0x76,0x67,0x20,0x78,0x6d,0x6c,0x6e,0x73,0x3d,0x22,0x68,0x74,0x74,0x70,0x3a,
  0x2f,0x2f,0x77,0x77,0x77,0x2e,0x77,0x33,0x2e,0x6f,0x72,0x67,0x2f,0x32,0x30,0x30,
  0x30,0x2f,0x73,0x76,0x67,0x22,0x20,0x77,0x69,0x64,0x74,0x68,0x3d,0x22,0x33,0x32,
  0x22,0x20,0x68,0x65,0x69,0x67,0x68,0x74,0x3d,0x22,0x33,0x33,0x2e,0x33,0x34,0x34,
  0x39,0x32,0x37,0x35,0x33,0x36,0x32,0x33,0x31,0x38,0x38,0x36,0x22,0x20,0x76,0x69,
  0x65,0x77,0x42,0x6f,0x78,0x3d,0x22,0x30,0x20,0x30,0x20,0x36,0x39,0x30,0x20,0x37,
  0x31,0x39,0x22,0x3e,0x3c,0x70,0x61,0x74,0x68,0x20,0x66,0x69,0x6c,0x6c,0x3d,0x22,
  0x23,0x34,0x36,0x61,0x30,0x61,0x61,0x22,0x20,0x64,0x3d,0x22,0x4d,0x36,0x38,0x39,
  0x2e,0x31,0x33,0x20,0x34,0x36,0x36,0x56,0x32,0x35,0x31,0x63,0x30,0x2d,0x32,0x36,
  0x2d,0x31,0x39,0x2d,0x34,0x35,0x2d,0x34,0x35,0x2d,0x34,0x35,0x68,0x2d,0x32,0x35,
  0x30,0x56,0x33,0x36,0x63,0x30,0x2d,0x31,0x36,0x2d,0x38,0x2d,0x32,0x37,0x2d,0x32,
  0x32,0x2d,0x33,0x34,0x63,0x2d,0x35,0x2d,0x31,0x2d,0x31,0x30,0x2d,0x32,0x2d,0x31,
  0x34,0x2d,0x32,0x63,0x2d,0x31,0x30,0x20,0x30,0x2d,0x31,0x38,0x20,0x33,0x2d,0x32,
  0x34,0x20,0x31,0x30,0x6c,0x2d,0x33,0x32,0x34,0x20,0x33,0x32,0x34,0x63,0x2d,0x31,
  0x34,0x20,0x31,0x32,0x2d,0x31,0x33,0x20,0x33,0x36,0x20,0x30,0x20,0x35,0x30,0x6c,
  0x33,0x32,0x34,0x20,0x33,0x32,0x34,0x63,0x32,0x30,0x20,0x32,0x32,0x20,0x36,0x30,
  0x20,0x37,0x20,0x36,0x30,0x2d,0x32,0x36,0x56,0x35,0x31,0x30,0x68,0x32,0x35,0x30,
  0x63,0x32,0x36,0x20,0x30,0x20,0x34,0x35,0x2d,0x31,0x38,0x20,0x34,0x35,0x2d,0x34,
  0x34,0x22,0x2f,0x3e,0x3c,0x2f,0x73,0x76,0x67,0x3e,
    // C:/Desktop/draw/icon/circle.svg
  0x0,0x0,0x2,0x5d,
  0x3c,
  0x3f,0x78,0x6d,0x6c,0x20,0x76,0x65,0x72,0x73,0x69,0x6f,0x6e,0x3d,0x22,0x31,0x2e,
  0x30,0x22,0x20,0x73,0x74,0x61,0x6e,0x64,0x61,0x6c,0x6f,0x6e,0x65,0x3d,0x22,0x6e,
  0x6f,0x22,0x3f,0x3e,0x3c,0x21,0x44,0x4f,0x43,0x54,0x59,0x50,0x45,0x20,0x73,0x76,
  0x67,0x20,0x50,0x55,0x42,0x4c,0x49,0x43,0x20,0x22,0x2d,0x2f,0x2f,0x57,0x33,0x43,
  0x2f,0x2f,0x44,0x54,0x44,0x20,0x53,0x56,0x47,0x20,0x31,0x2e,0x31,0x2f,0x2f,0x45,
  0x4e,0x22,0x20,0x22,0x68,0x74,0x74,0x70,0x3a,0x2f,0x2f,0x77,0x77,0x77,0x2e,0x77,
  0x33,0x2e,0x6f,0x72,0x67,0x2f,0x47,0x72,0x61,0x70,0x68,0x69,0x63,0x73,0x2f,0x53,
  0x56,0x47,0x2f,0x31,0x2e,0x31,0x2f,0x44,0x54,0x44,0x2f,0x73,0x76,0x67,0x31,0x31,
  0x2e,0x64,0x74,0x64,0x22,0x3e,0x3c,0x73,0x76,0x67,0x20,0x74,0x3d,0x22,0x31,0x37,
  0x31,0x37,0x30,0x35,0x33,0x30,0x39,0x37,0x36,0x30,0x34,0x22,0x20,0x63,0x6c,0x61,
  0x73,0x73,0x3d,0x22,0x69,0x63,0x6f,0x6e,0x22,0x20,0x76,0x69,0x65,0x77,0x42,0x6f,
  0x78,0x3d,0x22,0x30,0x20,0x30,0x20,0x31,0x30,0x32,0x34,0x20,0x31,0x30,0x32,0x34,
  0x22,0x20,0x76,0x65,0x72,0x73,0x69,0x6f,0x6e,0x3d,0x22,0x31,0x2e,0x31,0x22,0x20,
  0x78,0x6d,0x6c,0x6e,0x73,0x3d,0x22,0x68,0x74,0x74,0x70,0x3a,0x2f,0x2f,0x77,0x77,
  0x77,0x2e,0x77,0x33,0x2e,0x6f,0x72,0x67,0x2f,0x32,0x30,0x30,0x30,0x2f,0x73,0x76,
  0x67,0x22,0x20,0x70,0x2d,0x69,0x64,0x3d,0x22,0x34,0x38,0x35,0x38,0x35,0x22,0x20,
  0x78,0x6d,0x6c,0x6e,0x73,0x3a,0x78,0x6c,0x69,0x6e,0x6b,0x3d,0x22,0x68,0x74,0x74,
  0x70,0x3a,0x2f,0x2f,0x77,0x77,0x77,0x2e,0x77,0x33,0x2e,0x6f,0x72,0x67,0x2f,0x31,
  0x39,0x39,0x39,0x2f,0x78,0x6c,0x69,0x6e,0x6b,0x22,0x20,0x77,0x69,0x64,0x74,0x68,
  0x3d,0x22,0x32,0x30,0x30,0x22,0x20,0x68,0x65,0x69,0x67,0x68,0x74,0x3d,0x22,0x32,
  0x30,0x30,0x22,0x3e,0x3c,0x70,0x61,0x74,0x68,0x20,0x64,0x3d,0x22,0x4d,0x35,0x31,
  0x32,0x20,0x39,0x36,0x30,0x63,0x2d,0x32,0x34,0x37,0x2e,0x30,0x33,0x39,0x34,0x38,
  0x34,0x20,0x30,0x2d,0x34,0x34,0x38,0x2d,0x32,0x30,0x30,0x2e,0x39,0x36,0x30,0x35,
  0x31,0x36,0x2d,0x34,0x34,0x38,0x2d,0x34,0x34,0x38,0x53,0x32,0x36,0x34,0x2e,0x39,
  0x36,0x30,0x35,0x31,0x36,0x20,0x36,0x34,0x20,0x35,0x31,0x32,0x20,0x36,0x34,0x20,
  0x39,0x36,0x30,0x20,0x32,0x36,0x34,0x2e,0x39,0x36,0x30,0x35,0x31,0x36,0x20,0x39,
  0x36,0x30,0x20,0x35,0x31,0x32,0x20,0x37,0x35,0x39,0x2e,0x30,0x33,0x39,0x34,0x38,
  0x34,0x20,0x39,0x36,0x30,0x20,0x35,0x31,0x32,0x20,0x39,0x36,0x30,0x7a,0x4d,0x35,
  0x31,0x32,0x20,0x31,0x32,0x38,0x63,0x2d,0x32,0x31,0x31,0x2e,0x37,0x34,0x34,0x34,
  0x34,0x33,0x20,0x30,0x2d,0x33,0x38,0x34,0x20,0x31,0x37,0x32,0x2e,0x32,0x35,0x35,
  0x35,0x35,0x37,0x2d,0x33,0x38,0x34,0x20,0x33,0x38,0x34,0x73,0x31,0x37,0x32,0x2e,
  0x32,0x35,0x35,0x35,0x35,0x37,0x20,0x33,0x38,0x34,0x20,0x33,0x38,0x34,0x20,0x33,
  0x38,0x34,0x20,0x33,0x38,0x34,0x2d,0x31,0x37,0x32,0x2e,0x32,0x35,0x35,0x35,0x35,
  0x37,0x20,0x33,0x38,0x34,0x2d,0x33,0x38,0x34,0x53,0x37,0x32,0x33,0x2e,0x37,0x34,
  0x34,0x34,0x34,0x33,0x20,0x31,0x32,0x38,0x20,0x35,0x31,0x32,0x20,0x31,0x32,0x38,
  0x7a,0x22,0x20,0x66,0x69,0x6c,0x6c,0x3d,0x22,0x23,0x34,0x36,0x41,0x30,0x41,0x41,
  0x22,0x20,0x70,0x2d,0x69,0x64,0x3d,0x22,0x34,0x38,0x35,0x38,0x36,0x22,0x3e,0x3c,
  0x2f,0x70,0x61,0x74,0x68,0x3e,0x3c,0x2f,0x73,0x76,0x67,0x3e,
    // C:/Desktop/draw/icon/MdiThoughtBubble.svg
  0x0,0x0,0x2,0x54,
  0x3c,
  0x73,0x76,0x67,0x20,0x78,0x6d,0x6c,0x6e,0x73,0x3d,0x22,0x68,0x74,0x74,0x70,0x3a,
  0x2f,0x2f,0x77,0x77,0x77,0x2e,0x77,0x33,0x2e,0x6f,0x72,0x67,0x2f,0x32,0x30,0x30,
  0x30,0x2f,0x73,0x76,0x67,0x22,0x20,0x77,0x69,0x64,0x74,0x68,0x3d,0x22,0x33,0x32,
  0x22,0x20,0x68,0x65,0x69,0x67,0x68,0x74,0x3d,0x22,0x33,0x32,0x22,0x20,0x76,0x69,
  0x65,0x77,0x42,0x6f,0x78,0x3d,0x22,0x30,0x20,0x30,0x20,0x32,0x34,0x20,0x32,0x34,
  0x22,0x3e,0x3c,0x70,0x61,0x74,0x68,0x20,0x66,0x69,0x6c,0x6c,0x3d,0x22,0x23,0x34,
  0x36,0x61,0x30,0x61,0x61,0x22,0x20,0x64,0x3d,0x22,0x4d,0x33,0x2e,0x35,0x20,0x31,
  0x39,0x41,0x31,0x2e,0x35,0x20,0x31,0x2e,0x35,0x20,0x30,0x20,0x30,0x20,0x31,0x20,
  0x35,0x20,0x32,0x30,0x2e,0x35,0x41,0x31,0x2e,0x35,0x20,0x31,0x2e,0x35,0x20,0x30,
  0x20,0x30,0x20,0x31,0x20,0x33,0x2e,0x35,0x20,0x32,0x32,0x41,0x31,0x2e,0x35,0x20,
  0x31,0x2e,0x35,0x20,0x30,0x20,0x30,0x20,0x31,0x20,0x32,0x20,0x32,0x30,0x2e,0x35,
  0x41,0x31,0x2e,0x35,0x20,0x31,0x2e,0x35,0x20,0x30,0x20,0x30,0x20,0x31,0x20,0x33,
  0x2e,0x35,0x20,0x31,0x39,0x6d,0x35,0x2d,0x33,0x61,0x32,0x2e,0x35,0x20,0x32,0x2e,
  0x35,0x20,0x30,0x20,0x30,0x20,0x31,0x20,0x32,0x2e,0x35,0x20,0x32,0x2e,0x35,0x41,
  0x32,0x2e,0x35,0x20,0x32,0x2e,0x35,0x20,0x30,0x20,0x30,0x20,0x31,0x20,0x38,0x2e,
  0x35,0x20,0x32,0x31,0x41,0x32,0x2e,0x35,0x20,0x32,0x2e,0x35,0x20,0x30,0x20,0x30,
  0x20,0x31,0x20,0x36,0x20,0x31,0x38,0x2e,0x35,0x41,0x32,0x2e,0x35,0x20,0x32,0x2e,
  0x35,0x20,0x30,0x20,0x30,0x20,0x31,0x20,0x38,0x2e,0x35,0x20,0x31,0x36,0x6d,0x36,
  0x2d,0x31,0x63,0x2d,0x31,0x2e,0x31,0x39,0x20,0x30,0x2d,0x32,0x2e,0x32,0x37,0x2d,
  0x2e,0x35,0x2d,0x33,0x2d,0x31,0x2e,0x33,0x35,0x63,0x2d,0x2e,0x37,0x33,0x2e,0x38,
  0x35,0x2d,0x31,0x2e,0x38,0x31,0x20,0x31,0x2e,0x33,0x35,0x2d,0x33,0x20,0x31,0x2e,
  0x33,0x35,0x63,0x2d,0x31,0x2e,0x39,0x36,0x20,0x30,0x2d,0x33,0x2e,0x35,0x39,0x2d,
  0x31,0x2e,0x34,0x31,0x2d,0x33,0x2e,0x39,0x33,0x2d,0x33,0x2e,0x32,0x36,0x41,0x34,
  0x2e,0x30,0x32,0x20,0x34,0x2e,0x30,0x32,0x20,0x30,0x20,0x30,0x20,0x31,0x20,0x32,
  0x20,0x38,0x61,0x34,0x20,0x34,0x20,0x30,0x20,0x30,0x20,0x31,0x20,0x34,0x2d,0x34,
  0x63,0x2e,0x32,0x36,0x20,0x30,0x20,0x2e,0x35,0x2e,0x30,0x33,0x2e,0x37,0x37,0x2e,
  0x30,0x37,0x43,0x37,0x2e,0x35,0x20,0x33,0x2e,0x34,0x31,0x20,0x38,0x2e,0x34,0x35,
  0x20,0x33,0x20,0x39,0x2e,0x35,0x20,0x33,0x63,0x31,0x2e,0x31,0x39,0x20,0x30,0x20,
  0x32,0x2e,0x32,0x37,0x2e,0x35,0x20,0x33,0x20,0x31,0x2e,0x33,0x35,0x63,0x2e,0x37,
  0x33,0x2d,0x2e,0x38,0x35,0x20,0x31,0x2e,0x38,0x31,0x2d,0x31,0x2e,0x33,0x35,0x20,
  0x33,0x2d,0x31,0x2e,0x33,0x35,0x63,0x31,0x2e,0x39,0x36,0x20,0x30,0x20,0x33,0x2e,
  0x35,0x39,0x20,0x31,0x2e,0x34,0x31,0x20,0x33,0x2e,0x39,0x33,0x20,0x33,0x2e,0x32,
  0x36,0x41,0x34,0x2e,0x30,0x32,0x20,0x34,0x2e,0x30,0x32,0x20,0x30,0x20,0x30,0x20,
  0x31,0x20,0x32,0x32,0x20,0x31,0x30,0x61,0x34,0x20,0x34,0x20,0x30,0x20,0x30,0x20,
  0x31,0x2d,0x34,0x20,0x34,0x6c,0x2d,0x2e,0x37,0x37,0x2d,0x2e,0x30,0x37,0x63,0x2d,
  0x2e,0x37,0x33,0x2e,0x36,0x36,0x2d,0x31,0x2e,0x36,0x38,0x20,0x31,0x2e,0x30,0x37,
  0x2d,0x32,0x2e,0x37,0x33,0x20,0x31,0x2e,0x30,0x37,0x22,0x2f,0x3e,0x3c,0x2f,0x73,
  0x76,0x67,0x3e,
    // C:/Desktop/draw/icon/icon.qrc
  0x0,0x0,0x2,0x1a,
  0x0,
  0x0,0x7,0xf7,0x78,0xda,0x95,0x95,0xc1,0x8e,0xd3,0x30,0x10,0x86,0xef,0x48,0xbc,
  0x43,0xb5,0x77,0x5a,0x1,0x7,0x2e,0x65,0x25,0x9a,0x36,0x14,0xa9,0xa5,0x55,0xda,
  0x15,0x67,0xd7,0x99,0x24,0xa3,0x3a,0x9e,0xec,0xc4,0x4e,0x5a,0x9e,0x1e,0x27,0xed,
  0x22,0x4,0xda,0x49,0xc8,0xcd,0xc9,0x37,0xe3,0x71,0xe6,0xff,0xc7,0xf3,0x24,0x8a,
  0x1e,0xdf,0xbe,0x99,0x84,0x67,0xfe,0xcc,0x50,0x93,0x67,0xd,0x93,0x8a,0x21,0xc3,
  0xcb,0xe7,0x87,0x99,0x85,0x76,0x76,0x5b,0xbc,0x7f,0xb8,0x63,0x3d,0x9a,0xa1,0x81,
  0xc7,0x1a,0xdc,0xb4,0x6e,0xf2,0xf9,0xac,0x5f,0xfd,0xfd,0x35,0xc3,0x6,0xde,0x55,
  0x84,0xd6,0x41,0x3a,0xa9,0x9d,0x62,0x81,0x35,0xd4,0xa0,0xcd,0x27,0x5,0x28,0x96,
  0x52,0xaa,0xb4,0x51,0x56,0x83,0x40,0x68,0x64,0x6d,0x24,0x60,0x9b,0xe2,0xca,0x18,
  0xac,0x6a,0x9,0x82,0x41,0x22,0xa4,0x59,0x77,0xc5,0xee,0xbc,0x33,0x68,0x7,0xc9,
  0x8b,0xca,0xc9,0x8e,0x67,0x59,0x95,0xa3,0xe0,0x4,0xb4,0x53,0x36,0x37,0x30,0x8e,
  0x2e,0xa8,0x3c,0xf9,0x7a,0x14,0x7b,0x64,0xec,0x13,0x2f,0xa9,0x1d,0x51,0xf7,0x1,
  0xcb,0xca,0xc0,0x26,0x40,0xdf,0x34,0xd9,0xfa,0x80,0x3f,0x21,0xf6,0xc6,0xd4,0x9a,
  0x1,0xac,0x10,0xf7,0x95,0x55,0x83,0xee,0xfa,0x84,0x5b,0x95,0x5b,0xcc,0x10,0x78,
  0x6f,0x7c,0x2d,0x4,0xc4,0x6a,0x75,0x85,0x94,0xa9,0xaa,0x40,0x92,0x53,0xa4,0xf8,
  0x44,0x76,0xc5,0x6a,0xa8,0x87,0x31,0x1a,0x23,0x10,0x9,0x46,0x61,0xaf,0x8d,0x7c,
  0xf8,0xee,0xc8,0x84,0xdc,0x51,0xa2,0xc6,0xf7,0xc5,0x6,0xf3,0xc2,0xd9,0x20,0xf4,
  0x81,0x6d,0x37,0xf5,0x17,0x66,0x6a,0x7d,0x35,0xcc,0xa4,0xa1,0x3f,0xc3,0x94,0x81,
  0xcc,0xd,0x53,0xdc,0x95,0x37,0x20,0x8b,0x82,0x7c,0x80,0x16,0xfe,0x74,0x12,0x5d,
  0x16,0x7f,0xba,0x21,0x5b,0x4c,0x53,0x3,0xb,0x72,0x8e,0x4a,0x1,0x5f,0x3,0x13,
  0x76,0xca,0x89,0xa,0x75,0x4f,0xbe,0x6b,0x94,0xd9,0xc8,0x65,0x1f,0xa9,0xd2,0xa4,
  0x5c,0x42,0xde,0xa6,0x41,0x14,0xff,0xe5,0x85,0x43,0x98,0x47,0x71,0x98,0x75,0xfb,
  0x6e,0x3e,0x8d,0xb0,0xc4,0xda,0xe7,0xd0,0x57,0x98,0x74,0x3f,0xe9,0xc5,0x1d,0xd2,
  0x1f,0x30,0x1e,0xac,0x3b,0xa8,0x6,0x3e,0x7e,0x48,0x20,0xf7,0x46,0xd4,0x46,0x6c,
  0x94,0x7b,0xc2,0x3d,0x6a,0xe7,0x19,0xa6,0x61,0xa3,0xd7,0x34,0xc4,0x58,0x42,0x97,
  0x54,0xf4,0x48,0xda,0x11,0x4a,0xf2,0xd1,0x81,0x42,0x3d,0xab,0xb,0xba,0x5,0x99,
  0x74,0xe9,0xc9,0x91,0x78,0xfa,0x1f,0x45,0xf1,0x1d,0xda,0x16,0x6d,0x90,0x9b,0x8c,
  0xed,0x2a,0xb0,0x59,0xc8,0x9,0xac,0x8c,0xd4,0xbb,0x93,0xd2,0xe7,0xc9,0x44,0x54,
  0x78,0x87,0x88,0xc0,0x16,0x4a,0xe2,0x6b,0x42,0x4e,0x39,0x88,0x82,0x8,0x1c,0x84,
  0xd9,0x4f,0xfa,0xdc,0xa2,0x6c,0xfb,0x3f,0xc3,0x46,0xf0,0x4b,0x55,0x17,0x7d,0xeb,
  0x3b,0x39,0xe,0x79,0x64,0x17,0x6e,0x17,0x68,0x94,0x23,0xa9,0xdb,0x5d,0xb6,0xe9,
  0x33,0xeb,0xd7,0xe5,0xb9,0xd3,0x3c,0x30,0x71,0xf6,0x8a,0xcf,0x77,0xd9,0x1e,0xfa,
  0x31,0x5b,0x17,0xe4,0x8e,0x2d,0xfd,0x13,0x36,0x9f,0xfd,0xbe,0xd6,0xc3,0x9b,0xf9,
  0xec,0x76,0xdf,0xff,0x2,0x73,0x25,0x72,0x21,
    // C:/Desktop/draw/icon/back  up.svg
  0x0,0x0,0x2,0x51,
  0x3c,
  0x3f,0x78,0x6d,0x6c,0x20,0x76,0x65,0x72,0x73,0x69,0x6f,0x6e,0x3d,0x22,0x31,0x2e,
  0x30,0x22,0x20,0x73,0x74,0x61,0x6e,0x64,0x61,0x6c,0x6f,0x6e,0x65,0x3d,0x22,0x6e,
  0x6f,0x22,0x3f,0x3e,0x3c,0x21,0x44,0x4f,0x43,0x54,0x59,0x50,0x45,0x20,0x73,0x76,
  0x67,0x20,0x50,0x55,0x42,0x4c,0x49,0x43,0x20,0x22,0x2d,0x2f,0x2f,0x57,0x33,0x43,
  0x2f,0x2f,0x44,0x54,0x44,0x20,0x53,0x56,0x47,0x20,0x31,0x2e,0x31,0x2f,0x2f,0x45,
  0x4e,0x22,0x20,0x22,0x68,0x74,0x74,0x70,0x3a,0x2f,0x2f,0x77,0x77,0x77,0x2e,0x77,
  0x33,0x2e,0x6f,0x72,0x67,0x2f,0x47,0x72,0x61,0x70,0x68,0x69,0x63,0x73,0x2f,0x53,
  0x56,0x47,0x2f,0x31,0x2e,0x31,0x2f,0x44,0x54,0x44,0x2f,0x73,0x76,0x67,0x31,0x31,
  0x2e,0x64,0x74,0x64,0x22,0x3e,0x3c,0x73,0x76,0x67,0x20,0x74,0x3d,0x22,0x31,0x37,
  0x31,0x37,0x30,0x35,0x32,0x35,0x33,0x31,0x36,0x35,0x34,0x22,0x20,0x63,0x6c,0x61,
  0x73,0x73,0x3d,0x22,0x69,0x63,0x6f,0x6e,0x22,0x20,0x76,0x69,0x65,0x77,0x42,0x6f,
  0x78,0x3d,0x22,0x30,0x20,0x30,0x20,0x31,0x30,0x32,0x34,0x20,0x31,0x30,0x32,0x34,
  0x22,0x20,0x76,0x65,0x72,0x73,0x69,0x6f,0x6e,0x3d,0x22,0x31,0x2e,0x31,0x22,0x20,
  0x78,0x6d,0x6c,0x6e,0x73,0x3d,0x22,0x68,0x74,0x74,0x70,0x3a,0x2f,0x2f,0x77,0x77,
  0x77,0x2e,0x77,0x33,0x2e,0x6f,0x72,0x67,0x2f,0x32,0x30,0x30,0x30,0x2f,0x73,0x76,
  0x67,0x22,0x20,0x70,0x2d,0x69,0x64,0x3d,0x22,0x34,0x37,0x35,0x33,0x32,0x22,0x20,
  0x78,0x6d,0x6c,0x6e,0x73,0x3a,0x78,0x6c,0x69,0x6e,0x6b,0x3d,0x22,0x68,0x74,0x74,
  0x70,0x3a,0x2f,0x2f,0x77,0x77,0x77,0x2e,0x77,0x33,0x2e,0x6f,0x72,0x67,0x2f,0x31,
  0x39,0x39,0x39,0x2f,0x78,0x6c,0x69,0x6e,0x6b,0x22,0x20,0x77,0x69,0x64,0x74,0x68,
  0x3d,0x22,0x32,0x30,0x30,0x22,0x20,0x68,0x65,0x69,0x67,0x68,0x74,0x3d,0x22,0x32,
  0x30,0x30,0x22,0x3e,0x3c,0x70,0x61,0x74,0x68,0x20,0x64,0x3d,0x22,0x4d,0x31,0x39,
  0x32,0x2e,0x31,0x32,0x35,0x20,0x35,0x34,0x38,0x2e,0x34,0x30,0x39,0x4c,0x34,0x31,
  0x38,0x2e,0x33,0x32,0x37,0x20,0x37,0x37,0x34,0x2e,0x36,0x31,0x61,0x33,0x36,0x2e,
  0x34,0x30,0x39,0x20,0x33,0x36,0x2e,0x34,0x30,0x39,0x20,0x30,0x20,0x30,0x20,0x31,
  0x2d,0x35,0x31,0x2e,0x34,0x39,0x36,0x20,0x35,0x31,0x2e,0x34,0x39,0x36,0x4c,0x38,
  0x32,0x2e,0x35,0x35,0x20,0x35,0x34,0x31,0x2e,0x38,0x32,0x36,0x61,0x34,0x32,0x2e,
  0x32,0x33,0x34,0x20,0x34,0x32,0x2e,0x32,0x33,0x34,0x20,0x30,0x20,0x30,0x20,0x31,
  0x20,0x30,0x2d,0x35,0x39,0x2e,0x37,0x31,0x6c,0x32,0x38,0x34,0x2e,0x32,0x38,0x2d,
  0x32,0x38,0x34,0x2e,0x32,0x32,0x32,0x61,0x33,0x36,0x2e,0x34,0x30,0x39,0x20,0x33,
  0x36,0x2e,0x34,0x30,0x39,0x20,0x30,0x20,0x30,0x20,0x31,0x20,0x35,0x31,0x2e,0x34,
  0x39,0x36,0x20,0x35,0x31,0x2e,0x34,0x39,0x36,0x4c,0x31,0x39,0x32,0x2e,0x31,0x32,
  0x35,0x20,0x34,0x37,0x35,0x2e,0x35,0x39,0x48,0x39,0x31,0x39,0x2e,0x37,0x38,0x61,
  0x33,0x36,0x2e,0x34,0x30,0x39,0x20,0x33,0x36,0x2e,0x34,0x30,0x39,0x20,0x30,0x20,
  0x31,0x20,0x31,0x20,0x30,0x20,0x37,0x32,0x2e,0x38,0x31,0x38,0x48,0x31,0x39,0x32,
  0x2e,0x31,0x32,0x35,0x7a,0x22,0x20,0x70,0x2d,0x69,0x64,0x3d,0x22,0x34,0x37,0x35,
  0x33,0x33,0x22,0x20,0x66,0x69,0x6c,0x6c,0x3d,0x22,0x23,0x34,0x36,0x41,0x30,0x41,
  0x41,0x22,0x3e,0x3c,0x2f,0x70,0x61,0x74,0x68,0x3e,0x3c,0x2f,0x73,0x76,0x67,0x3e,
  
    // C:/Desktop/draw/icon/MdiEllipse.svg
  0x0,0x0,0x0,0xaf,
  0x3c,
  0x73,0x76,0x67,0x20,0x78,0x6d,0x6c,0x6e,0x73,0x3d,0x22,0x68,0x74,0x74,0x70,0x3a,
  0x2f,0x2f,0x77,0x77,0x77,0x2e,0x77,0x33,0x2e,0x6f,0x72,0x67,0x2f,0x32,0x30,0x30,
  0x30,0x2f,0x73,0x76,0x67,0x22,0x20,0x77,0x69,0x64,0x74,0x68,0x3d,0x22,0x33,0x32,
  0x22,0x20,0x68,0x65,0x69,0x67,0x68,0x74,0x3d,0x22,0x33,0x32,0x22,0x20,0x76,0x69,
  0x65,0x77,0x42,0x6f,0x78,0x3d,0x22,0x30,0x20,0x30,0x20,0x32,0x34,0x20,0x32,0x34,
  0x22,0x3e,0x3c,0x70,0x61,0x74,0x68,0x20,0x66,0x69,0x6c,0x6c,0x3d,0x22,0x23,0x34,
  0x36,0x61,0x30,0x61,0x61,0x22,0x20,0x64,0x3d,0x22,0x4d,0x31,0x32,0x20,0x34,0x43,
  0x36,0x2e,0x35,0x20,0x34,0x20,0x32,0x20,0x37,0x2e,0x35,0x38,0x20,0x32,0x20,0x31,
  0x32,0x73,0x34,0x2e,0x35,0x20,0x38,0x20,0x31,0x30,0x20,0x38,0x73,0x31,0x30,0x2d,
  0x33,0x2e,0x35,0x38,0x20,0x31,0x30,0x2d,0x38,0x73,0x2d,0x34,0x2e,0x35,0x2d,0x38,
  0x2d,0x31,0x30,0x2d,0x38,0x22,0x2f,0x3e,0x3c,0x2f,0x73,0x76,0x67,0x3e,
    // C:/Desktop/draw/icon/RiCropLine.svg
  0x0,0x0,0x0,0xc3,
  0x3c,
  0x73,0x76,0x67,0x20,0x78,0x6d,0x6c,0x6e,0x73,0x3d,0x22,0x68,0x74,0x74,0x70,0x3a,
  0x2f,0x2f,0x77,0x77,0x77,0x2e,0x77,0x33,0x2e,0x6f,0x72,0x67,0x2f,0x32,0x30,0x30,
  0x30,0x2f,0x73,0x76,0x67,0x22,0x20,0x77,0x69,0x64,0x74,0x68,0x3d,0x22,0x33,0x32,
  0x22,0x20,0x68,0x65,0x69,0x67,0x68,0x74,0x3d,0x22,0x33,0x32,0x22,0x20,0x76,0x69,
  0x65,0x77,0x42,0x6f,0x78,0x3d,0x22,0x30,0x20,0x30,0x20,0x32,0x34,0x20,0x32,0x34,
  0x22,0x3e,0x3c,0x70,0x61,0x74,0x68,0x20,0x66,0x69,0x6c,0x6c,0x3d,0x22,0x23,0x34,
  0x36,0x61,0x30,0x61,0x61,0x22,0x20,0x64,0x3d,0x22,0x4d,0x31,0x35,0x20,0x31,0x37,
  0x76,0x32,0x48,0x36,0x61,0x31,0x20,0x31,0x20,0x30,0x20,0x30,0x20,0x31,0x2d,0x31,
  0x2d,0x31,0x56,0x37,0x48,0x32,0x56,0x35,0x68,0x33,0x56,0x32,0x68,0x32,0x76,0x31,
  0x35,0x7a,0x6d,0x32,0x20,0x35,0x56,0x37,0x48,0x39,0x56,0x35,0x68,0x39,0x61,0x31,
  0x20,0x31,0x20,0x30,0x20,0x30,0x20,0x31,0x20,0x31,0x20,0x31,0x76,0x31,0x31,0x68,
  0x33,0x76,0x32,0x68,0x2d,0x33,0x76,0x33,0x7a,0x22,0x2f,0x3e,0x3c,0x2f,0x73,0x76,
  0x67,0x3e,
    // C:/Desktop/draw/icon/MdiRhombusOutline.svg
  0x0,0x0,0x1,0xb,
  0x3c,
  0x73,0x76,0x67,0x20,0x78,0x6d,0x6c,0x6e,0x73,0x3d,0x22,0x68,0x74,0x74,0x70,0x3a,
  0x2f,0x2f,0x77,0x77,0x77,0x2e,0x77,0x33,0x2e,0x6f,0x72,0x67,0x2f,0x32,0x30,0x30,
  0x30,0x2f,0x73,0x76,0x67,0x22,0x20,0x77,0x69,0x64,0x74,0x68,0x3d,0x22,0x33,0x32,
  0x22,0x20,0x68,0x65,0x69,0x67,0x68,0x74,0x3d,0x22,0x33,0x32,0x22,0x20,0x76,0x69,
  0x65,0x77,0x42,0x6f,0x78,0x3d,0x22,0x30,0x20,0x30,0x20,0x32,0x34,0x20,0x32,0x34,
  0x22,0x3e,0x3c,0x70,0x61,0x74,0x68,0x20,0x66,0x69,0x6c,0x6c,0x3d,0x22,0x23,0x34,
  0x36,0x61,0x30,0x61,0x61,0x22,0x20,0x64,0x3d,0x22,0x4d,0x31,0x32,0x20,0x32,0x63,
  0x2d,0x2e,0x35,0x20,0x30,0x2d,0x31,0x20,0x2e,0x31,0x39,0x2d,0x31,0x2e,0x34,0x31,
  0x2e,0x35,0x39,0x6c,0x2d,0x38,0x20,0x38,0x63,0x2d,0x2e,0x37,0x39,0x2e,0x37,0x38,
  0x2d,0x2e,0x37,0x39,0x20,0x32,0x2e,0x30,0x34,0x20,0x30,0x20,0x32,0x2e,0x38,0x32,
  0x6c,0x38,0x20,0x38,0x63,0x2e,0x37,0x38,0x2e,0x37,0x39,0x20,0x32,0x2e,0x30,0x34,
  0x2e,0x37,0x39,0x20,0x32,0x2e,0x38,0x32,0x20,0x30,0x6c,0x38,0x2d,0x38,0x63,0x2e,
  0x37,0x39,0x2d,0x2e,0x37,0x38,0x2e,0x37,0x39,0x2d,0x32,0x2e,0x30,0x34,0x20,0x30,
  0x2d,0x32,0x2e,0x38,0x32,0x6c,0x2d,0x38,0x2d,0x38,0x43,0x31,0x33,0x20,0x32,0x2e,
  0x31,0x39,0x20,0x31,0x32,0x2e,0x35,0x20,0x32,0x20,0x31,0x32,0x20,0x32,0x6d,0x30,
  0x20,0x32,0x6c,0x38,0x20,0x38,0x6c,0x2d,0x38,0x20,0x38,0x6c,0x2d,0x38,0x2d,0x38,
  0x5a,0x22,0x2f,0x3e,0x3c,0x2f,0x73,0x76,0x67,0x3e,
    // C:/Desktop/draw/icon/MdiTriangleDownOutline.svg
  0x0,0x0,0x0,0x94,
  0x3c,
  0x73,0x76,0x67,0x20,0x78,0x6d,0x6c,0x6e,0x73,0x3d,0x22,0x68,0x74,0x74,0x70,0x3a,
  0x2f,0x2f,0x77,0x77,0x77,0x2e,0x77,0x33,0x2e,0x6f,0x72,0x67,0x2f,0x32,0x30,0x30,
  0x30,0x2f,0x73,0x76,0x67,0x22,0x20,0x77,0x69,0x64,0x74,0x68,0x3d,0x22,0x33,0x32,
  0x22,0x20,0x68,0x65,0x69,0x67,0x68,0x74,0x3d,0x22,0x33,0x32,0x22,0x20,0x76,0x69,
  0x65,0x77,0x42,0x6f,0x78,0x3d,0x22,0x30,0x20,0x30,0x20,0x32,0x34,0x20,0x32,0x34,
  0x22,0x3e,0x3c,0x70,0x61,0x74,0x68,0x20,0x66,0x69,0x6c,0x6c,0x3d,0x22,0x23,0x34,
  0x36,0x61,0x30,0x61,0x61,0x22,0x20,0x64,0x3d,0x22,0x4d,0x31,0x32,0x20,0x32,0x32,
  0x4c,0x31,0x20,0x33,0x68,0x32,0x32,0x4d,0x31,0x32,0x20,0x31,0x38,0x6c,0x37,0x2e,
  0x35,0x33,0x2d,0x31,0x33,0x48,0x34,0x2e,0x34,0x37,0x22,0x2f,0x3e,0x3c,0x2f,0x73,
  0x76,0x67,0x3e,
    // C:/Desktop/draw/icon/HeroiconsChatBubbleOvalLeft.svg
  0x0,0x0,0x1,0x9b,
  0x3c,
  0x73,0x76,0x67,0x20,0x78,0x6d,0x6c,0x6e,0x73,0x3d,0x22,0x68,0x74,0x74,0x70,0x3a,
  0x2f,0x2f,0x77,0x77,0x77,0x2e,0x77,0x33,0x2e,0x6f,0x72,0x67,0x2f,0x32,0x30,0x30,
  0x30,0x2f,0x73,0x76,0x67,0x22,0x20,0x77,0x69,0x64,0x74,0x68,0x3d,0x22,0x33,0x32,
  0x22,0x20,0x68,0x65,0x69,0x67,0x68,0x74,0x3d,0x22,0x33,0x32,0x22,0x20,0x76,0x69,
  0x65,0x77,0x42,0x6f,0x78,0x3d,0x22,0x30,0x20,0x30,0x20,0x32,0x34,0x20,0x32,0x34,
  0x22,0x3e,0x3c,0x70,0x61,0x74,0x68,0x20,0x66,0x69,0x6c,0x6c,0x3d,0x22,0x6e,0x6f,
  0x6e,0x65,0x22,0x20,0x73,0x74,0x72,0x6f,0x6b,0x65,0x3d,0x22,0x23,0x34,0x36,0x61,
  0x30,0x61,0x61,0x22,0x20,0x73,0x74,0x72,0x6f,0x6b,0x65,0x2d,0x6c,0x69,0x6e,0x65,
  0x63,0x61,0x70,0x3d,0x22,0x72,0x6f,0x75,0x6e,0x64,0x22,0x20,0x73,0x74,0x72,0x6f,
  0x6b,0x65,0x2d,0x6c,0x69,0x6e,0x65,0x6a,0x6f,0x69,0x6e,0x3d,0x22,0x72,0x6f,0x75,
  0x6e,0x64,0x22,0x20,0x73,0x74,0x72,0x6f,0x6b,0x65,0x2d,0x77,0x69,0x64,0x74,0x68,
  0x3d,0x22,0x31,0x2e,0x35,0x22,0x20,0x64,0x3d,0x22,0x4d,0x31,0x32,0x20,0x32,0x30,
  0x2e,0x32,0x35,0x63,0x34,0x2e,0x39,0x37,0x20,0x30,0x20,0x39,0x2d,0x33,0x2e,0x36,
  0x39,0x34,0x20,0x39,0x2d,0x38,0x2e,0x32,0x35,0x73,0x2d,0x34,0x2e,0x30,0x33,0x2d,
  0x38,0x2e,0x32,0x35,0x2d,0x39,0x2d,0x38,0x2e,0x32,0x35,0x53,0x33,0x20,0x37,0x2e,
  0x34,0x34,0x34,0x20,0x33,0x20,0x31,0x32,0x63,0x30,0x20,0x32,0x2e,0x31,0x30,0x34,
  0x2e,0x38,0x35,0x39,0x20,0x34,0x2e,0x30,0x32,0x33,0x20,0x32,0x2e,0x32,0x37,0x33,
  0x20,0x35,0x2e,0x34,0x38,0x63,0x2e,0x34,0x33,0x32,0x2e,0x34,0x34,0x37,0x2e,0x37,
  0x34,0x20,0x31,0x2e,0x30,0x34,0x2e,0x35,0x38,0x36,0x20,0x31,0x2e,0x36,0x34,0x31,
  0x61,0x34,0x2e,0x35,0x20,0x34,0x2e,0x35,0x20,0x30,0x20,0x30,0x20,0x31,0x2d,0x2e,
  0x39,0x32,0x33,0x20,0x31,0x2e,0x37,0x38,0x35,0x41,0x36,0x20,0x36,0x20,0x30,0x20,
  0x30,0x20,0x30,0x20,0x36,0x20,0x32,0x31,0x63,0x31,0x2e,0x32,0x38,0x32,0x20,0x30,
  0x20,0x32,0x2e,0x34,0x37,0x2d,0x2e,0x34,0x30,0x32,0x20,0x33,0x2e,0x34,0x34,0x35,
  0x2d,0x31,0x2e,0x30,0x38,0x37,0x63,0x2e,0x38,0x31,0x2e,0x32,0x32,0x20,0x31,0x2e,
  0x36,0x36,0x38,0x2e,0x33,0x33,0x37,0x20,0x32,0x2e,0x35,0x35,0x35,0x2e,0x33,0x33,
  0x37,0x22,0x2f,0x3e,0x3c,0x2f,0x73,0x76,0x67,0x3e,
    // C:/Desktop/draw/icon/LsArrowdown.svg
  0x0,0x0,0x1,0x21,
  0x3c,
  0x73,0x76,0x67,0x20,0x78,0x6d,0x6c,0x6e,0x73,0x3d,0x22,0x68,0x74,0x74,0x70,0x3a,
  0x2f,0x2f,0x77,0x77,0x77,0x2e,0x77,0x33,0x2e,0x6f,0x72,0x67,0x2f,0x32,0x30,0x30,
  0x30,0x2f,0x73,0x76,0x67,0x22,0x20,0x77,0x69,0x64,0x74,0x68,0x3d,0x22,0x33,0x32,
  0x22,0x20,0x68,0x65,0x69,0x67,0x68,0x74,0x3d,0x22,0x33,0x30,0x2e,0x37,0x35,0x32,
  0x30,0x38,0x39,0x31,0x33,0x36,0x34,0x39,0x30,0x32,0x35,0x22,0x20,0x76,0x69,0x65,
  0x77,0x42,0x6f,0x78,0x3d,0x22,0x30,0x20,0x30,0x20,0x37,0x31,0x38,0x20,0x36,0x39,
  0x30,0x22,0x3e,0x3c,0x70,0x61,0x74,0x68,0x20,0x66,0x69,0x6c,0x6c,0x3d,0x22,0x23,
  0x34,0x36,0x61,0x30,0x61,0x61,0x22,0x20,0x64,0x3d,0x22,0x4d,0x34,0x36,0x36,0x20,
  0x30,0x48,0x32,0x35,0x31,0x63,0x2d,0x32,0x36,0x20,0x30,0x2d,0x34,0x35,0x20,0x32,
  0x30,0x2d,0x34,0x35,0x20,0x34,0x36,0x76,0x32,0x35,0x30,0x48,0x33,0x36,0x63,0x2d,
  0x31,0x36,0x20,0x30,0x2d,0x32,0x37,0x20,0x37,0x2d,0x33,0x34,0x20,0x32,0x32,0x63,
  0x2d,0x31,0x20,0x35,0x2d,0x32,0x20,0x39,0x2d,0x32,0x20,0x31,0x32,0x63,0x30,0x20,
  0x31,0x30,0x20,0x33,0x20,0x31,0x39,0x20,0x31,0x30,0x20,0x32,0x36,0x6c,0x33,0x32,
  0x34,0x20,0x33,0x32,0x33,0x63,0x31,0x32,0x20,0x31,0x35,0x20,0x33,0x36,0x20,0x31,
  0x34,0x20,0x35,0x30,0x20,0x30,0x6c,0x33,0x32,0x33,0x2d,0x33,0x32,0x33,0x63,0x32,
  0x32,0x2d,0x32,0x30,0x20,0x37,0x2d,0x36,0x30,0x2d,0x32,0x36,0x2d,0x36,0x30,0x48,
  0x35,0x31,0x30,0x56,0x34,0x36,0x63,0x30,0x2d,0x32,0x36,0x2d,0x31,0x38,0x2d,0x34,
  0x36,0x2d,0x34,0x34,0x2d,0x34,0x36,0x22,0x2f,0x3e,0x3c,0x2f,0x73,0x76,0x67,0x3e,
  
    // C:/Desktop/draw/icon/PrimeSave.svg
  0x0,0x0,0x2,0x3c,
  0x3c,
  0x73,0x76,0x67,0x20,0x78,0x6d,0x6c,0x6e,0x73,0x3d,0x22,0x68,0x74,0x74,0x70,0x3a,
  0x2f,0x2f,0x77,0x77,0x77,0x2e,0x77,0x33,0x2e,0x6f,0x72,0x67,0x2f,0x32,0x30,0x30,
  0x30,0x2f,0x73,0x76,0x67,0x22,0x20,0x77,0x69,0x64,0x74,0x68,0x3d,0x22,0x31,0x32,
  0x38,0x22,0x20,0x68,0x65,0x69,0x67,0x68,0x74,0x3d,0x22,0x31,0x32,0x38,0x22,0x20,
  0x76,0x69,0x65,0x77,0x42,0x6f,0x78,0x3d,0x22,0x30,0x20,0x30,0x20,0x32,0x34,0x20,
  0x32,0x34,0x22,0x3e,0x3c,0x70,0x61,0x74,0x68,0x20,0x66,0x69,0x6c,0x6c,0x3d,0x22,
  0x23,0x33,0x63,0x61,0x61,0x61,0x30,0x22,0x20,0x64,0x3d,0x22,0x4d,0x31,0x37,0x20,
  0x32,0x30,0x2e,0x37,0x35,0x48,0x37,0x41,0x32,0x2e,0x37,0x35,0x20,0x32,0x2e,0x37,
  0x35,0x20,0x30,0x20,0x30,0x20,0x31,0x20,0x34,0x2e,0x32,0x35,0x20,0x31,0x38,0x56,
  0x36,0x41,0x32,0x2e,0x37,0x35,0x20,0x32,0x2e,0x37,0x35,0x20,0x30,0x20,0x30,0x20,
  0x31,0x20,0x37,0x20,0x33,0x2e,0x32,0x35,0x68,0x37,0x2e,0x35,0x61,0x2e,0x37,0x35,
  0x2e,0x37,0x35,0x20,0x30,0x20,0x30,0x20,0x31,0x20,0x2e,0x35,0x33,0x2e,0x32,0x32,
  0x4c,0x31,0x39,0x2e,0x35,0x33,0x20,0x38,0x61,0x2e,0x37,0x35,0x2e,0x37,0x35,0x20,
  0x30,0x20,0x30,0x20,0x31,0x20,0x2e,0x32,0x32,0x2e,0x35,0x33,0x56,0x31,0x38,0x41,
  0x32,0x2e,0x37,0x35,0x20,0x32,0x2e,0x37,0x35,0x20,0x30,0x20,0x30,0x20,0x31,0x20,
  0x31,0x37,0x20,0x32,0x30,0x2e,0x37,0x35,0x6d,0x2d,0x31,0x30,0x2d,0x31,0x36,0x41,
  0x31,0x2e,0x32,0x35,0x20,0x31,0x2e,0x32,0x35,0x20,0x30,0x20,0x30,0x20,0x30,0x20,
  0x35,0x2e,0x37,0x35,0x20,0x36,0x76,0x31,0x32,0x41,0x31,0x2e,0x32,0x35,0x20,0x31,
  0x2e,0x32,0x35,0x20,0x30,0x20,0x30,0x20,0x30,0x20,0x37,0x20,0x31,0x39,0x2e,0x32,
  0x35,0x68,0x31,0x30,0x41,0x31,0x2e,0x32,0x35,0x20,0x31,0x2e,0x32,0x35,0x20,0x30,
  0x20,0x30,0x20,0x30,0x20,0x31,0x38,0x2e,0x32,0x35,0x20,0x31,0x38,0x56,0x38,0x2e,
  0x38,0x31,0x6c,0x2d,0x34,0x2e,0x30,0x36,0x2d,0x34,0x2e,0x30,0x36,0x5a,0x22,0x2f,
  0x3e,0x3c,0x70,0x61,0x74,0x68,0x20,0x66,0x69,0x6c,0x6c,0x3d,0x22,0x23,0x33,0x63,
  0x61,0x61,0x61,0x30,0x22,0x20,0x64,0x3d,0x22,0x4d,0x31,0x36,0x2e,0x37,0x35,0x20,
  0x32,0x30,0x68,0x2d,0x31,0x2e,0x35,0x76,0x2d,0x36,0x2e,0x32,0x35,0x68,0x2d,0x36,
  0x2e,0x35,0x56,0x32,0x30,0x68,0x2d,0x31,0x2e,0x35,0x76,0x2d,0x36,0x2e,0x35,0x61,
  0x31,0x2e,0x32,0x35,0x20,0x31,0x2e,0x32,0x35,0x20,0x30,0x20,0x30,0x20,0x31,0x20,
  0x31,0x2e,0x32,0x35,0x2d,0x31,0x2e,0x32,0x35,0x68,0x37,0x61,0x31,0x2e,0x32,0x35,
  0x20,0x31,0x2e,0x32,0x35,0x20,0x30,0x20,0x30,0x20,0x31,0x20,0x31,0x2e,0x32,0x35,
  0x20,0x31,0x2e,0x32,0x35,0x5a,0x4d,0x31,0x32,0x2e,0x34,0x37,0x20,0x38,0x2e,0x37,
  0x35,0x48,0x38,0x2e,0x35,0x33,0x61,0x31,0x2e,0x32,0x39,0x20,0x31,0x2e,0x32,0x39,
  0x20,0x30,0x20,0x30,0x20,0x31,0x2d,0x31,0x2e,0x32,0x38,0x2d,0x31,0x2e,0x33,0x56,
  0x34,0x68,0x31,0x2e,0x35,0x76,0x33,0x2e,0x32,0x35,0x68,0x33,0x2e,0x35,0x56,0x34,
  0x68,0x31,0x2e,0x35,0x76,0x33,0x2e,0x34,0x35,0x61,0x31,0x2e,0x32,0x39,0x20,0x31,
  0x2e,0x32,0x39,0x20,0x30,0x20,0x30,0x20,0x31,0x2d,0x31,0x2e,0x32,0x38,0x20,0x31,
  0x2e,0x33,0x22,0x2f,0x3e,0x3c,0x2f,0x73,0x76,0x67,0x3e,
    // C:/Desktop/draw/icon/MemoryRotateCounterclockwise.svg
  0x0,0x0,0x1,0x1a,
  0x3c,
  0x73,0x76,0x67,0x20,0x78,0x6d,0x6c,0x6e,0x73,0x3d,0x22,0x68,0x74,0x74,0x70,0x3a,
  0x2f,0x2f,0x77,0x77,0x77,0x2e,0x77,0x33,0x2e,0x6f,0x72,0x67,0x2f,0x32,0x30,0x30,
  0x30,0x2f,0x73,0x76,0x67,0x22,0x20,0x77,0x69,0x64,0x74,0x68,0x3d,0x22,0x31,0x32,
  0x38,0x22,0x20,0x68,0x65,0x69,0x67,0x68,0x74,0x3d,0x22,0x31,0x32,0x38,0x22,0x20,
  0x76,0x69,0x65,0x77,0x42,0x6f,0x78,0x3d,0x22,0x30,0x20,0x30,0x20,0x32,0x32,0x20,
  0x32,0x32,0x22,0x3e,0x3c,0x70,0x61,0x74,0x68,0x20,0x66,0x69,0x6c,0x6c,0x3d,0x22,
  0x23,0x34,0x36,0x61,0x30,0x61,0x61,0x22,0x20,0x64,0x3d,0x22,0x4d,0x30,0x20,0x31,
  0x31,0x76,0x31,0x68,0x31,0x76,0x31,0x68,0x31,0x76,0x31,0x68,0x31,0x76,0x31,0x68,
  0x32,0x76,0x2d,0x31,0x68,0x31,0x76,0x2d,0x31,0x68,0x31,0x76,0x2d,0x31,0x68,0x31,
  0x76,0x2d,0x31,0x48,0x35,0x56,0x39,0x68,0x31,0x56,0x37,0x68,0x31,0x56,0x36,0x68,
  0x32,0x56,0x35,0x68,0x34,0x76,0x31,0x68,0x32,0x76,0x31,0x68,0x31,0x76,0x32,0x68,
  0x31,0x76,0x34,0x68,0x2d,0x31,0x76,0x32,0x68,0x2d,0x31,0x76,0x31,0x68,0x2d,0x32,
  0x76,0x31,0x48,0x39,0x76,0x2d,0x31,0x48,0x36,0x76,0x32,0x68,0x32,0x76,0x31,0x68,
  0x36,0x76,0x2d,0x31,0x68,0x32,0x76,0x2d,0x31,0x68,0x31,0x76,0x2d,0x31,0x68,0x31,
  0x76,0x2d,0x32,0x68,0x31,0x56,0x38,0x68,0x2d,0x31,0x56,0x36,0x68,0x2d,0x31,0x56,
  0x35,0x68,0x2d,0x31,0x56,0x34,0x68,0x2d,0x32,0x56,0x33,0x48,0x38,0x76,0x31,0x48,
  0x36,0x76,0x31,0x48,0x35,0x76,0x31,0x48,0x34,0x76,0x32,0x48,0x33,0x76,0x33,0x7a,
  0x22,0x2f,0x3e,0x3c,0x2f,0x73,0x76,0x67,0x3e,
    // C:/Desktop/draw/icon/MdiStarFourPointsOutline.svg
  0x0,0x0,0x0,0xe1,
  0x3c,
  0x73,0x76,0x67,0x20,0x78,0x6d,0x6c,0x6e,0x73,0x3d,0x22,0x68,0x74,0x74,0x70,0x3a,
  0x2f,0x2f,0x77,0x77,0x77,0x2e,0x77,0x33,0x2e,0x6f,0x72,0x67,0x2f,0x32,0x30,0x30,
  0x30,0x2f,0x73,0x76,0x67,0x22,0x20,0x77,0x69,0x64,0x74,0x68,0x3d,0x22,0x33,0x32,
  0x22,0x20,0x68,0x65,0x69,0x67,0x68,0x74,0x3d,0x22,0x33,0x32,0x22,0x20,0x76,0x69,
  0x65,0x77,0x42,0x6f,0x78,0x3d,0x22,0x30,0x20,0x30,0x20,0x32,0x34,0x20,0x32,0x34,
  0x22,0x3e,0x3c,0x70,0x61,0x74,0x68,0x20,0x66,0x69,0x6c,0x6c,0x3d,0x22,0x23,0x34,
  0x36,0x61,0x30,0x61,0x61,0x22,0x20,0x64,0x3d,0x22,0x6d,0x31,0x32,0x20,0x36,0x2e,
  0x37,0x6c,0x31,0x2e,0x34,0x35,0x20,0x33,0x2e,0x38,0x35,0x4c,0x31,0x37,0x2e,0x33,
  0x20,0x31,0x32,0x6c,0x2d,0x33,0x2e,0x38,0x35,0x20,0x31,0x2e,0x34,0x35,0x4c,0x31,
  0x32,0x20,0x31,0x37,0x2e,0x33,0x6c,0x2d,0x31,0x2e,0x34,0x35,0x2d,0x33,0x2e,0x38,
  0x35,0x4c,0x36,0x2e,0x37,0x20,0x31,0x32,0x6c,0x33,0x2e,0x38,0x35,0x2d,0x31,0x2e,
  0x34,0x35,0x7a,0x4d,0x31,0x32,0x20,0x31,0x4c,0x39,0x20,0x39,0x6c,0x2d,0x38,0x20,
  0x33,0x6c,0x38,0x20,0x33,0x6c,0x33,0x20,0x38,0x6c,0x33,0x2d,0x38,0x6c,0x38,0x2d,
  0x33,0x6c,0x2d,0x38,0x2d,0x33,0x7a,0x22,0x2f,0x3e,0x3c,0x2f,0x73,0x76,0x67,0x3e,
  
    // C:/Desktop/draw/icon/MdiHexagonOutline.svg
  0x0,0x0,0x1,0x66,
  0x3c,
  0x73,0x76,0x67,0x20,0x78,0x6d,0x6c,0x6e,0x73,0x3d,0x22,0x68,0x74,0x74,0x70,0x3a,
  0x2f,0x2f,0x77,0x77,0x77,0x2e,0x77,0x33,0x2e,0x6f,0x72,0x67,0x2f,0x32,0x30,0x30,
  0x30,0x2f,0x73,0x76,0x67,0x22,0x20,0x77,0x69,0x64,0x74,0x68,0x3d,0x22,0x33,0x32,
  0x22,0x20,0x68,0x65,0x69,0x67,0x68,0x74,0x3d,0x22,0x33,0x32,0x22,0x20,0x76,0x69,
  0x65,0x77,0x42,0x6f,0x78,0x3d,0x22,0x30,0x20,0x30,0x20,0x32,0x34,0x20,0x32,0x34,
  0x22,0x3e,0x3c,0x70,0x61,0x74,0x68,0x20,0x66,0x69,0x6c,0x6c,0x3d,0x22,0x23,0x34,
  0x36,0x61,0x30,0x61,0x61,0x22,0x20,0x64,0x3d,0x22,0x4d,0x32,0x31,0x20,0x31,0x36,
  0x2e,0x35,0x63,0x30,0x20,0x2e,0x33,0x38,0x2d,0x2e,0x32,0x31,0x2e,0x37,0x31,0x2d,
  0x2e,0x35,0x33,0x2e,0x38,0x38,0x6c,0x2d,0x37,0x2e,0x39,0x20,0x34,0x2e,0x34,0x34,
  0x63,0x2d,0x2e,0x31,0x36,0x2e,0x31,0x32,0x2d,0x2e,0x33,0x36,0x2e,0x31,0x38,0x2d,
  0x2e,0x35,0x37,0x2e,0x31,0x38,0x73,0x2d,0x2e,0x34,0x31,0x2d,0x2e,0x30,0x36,0x2d,
  0x2e,0x35,0x37,0x2d,0x2e,0x31,0x38,0x6c,0x2d,0x37,0x2e,0x39,0x2d,0x34,0x2e,0x34,
  0x34,0x41,0x2e,0x39,0x39,0x2e,0x39,0x39,0x20,0x30,0x20,0x30,0x20,0x31,0x20,0x33,
  0x20,0x31,0x36,0x2e,0x35,0x76,0x2d,0x39,0x63,0x30,0x2d,0x2e,0x33,0x38,0x2e,0x32,
  0x31,0x2d,0x2e,0x37,0x31,0x2e,0x35,0x33,0x2d,0x2e,0x38,0x38,0x6c,0x37,0x2e,0x39,
  0x2d,0x34,0x2e,0x34,0x34,0x63,0x2e,0x31,0x36,0x2d,0x2e,0x31,0x32,0x2e,0x33,0x36,
  0x2d,0x2e,0x31,0x38,0x2e,0x35,0x37,0x2d,0x2e,0x31,0x38,0x73,0x2e,0x34,0x31,0x2e,
  0x30,0x36,0x2e,0x35,0x37,0x2e,0x31,0x38,0x6c,0x37,0x2e,0x39,0x20,0x34,0x2e,0x34,
  0x34,0x63,0x2e,0x33,0x32,0x2e,0x31,0x37,0x2e,0x35,0x33,0x2e,0x35,0x2e,0x35,0x33,
  0x2e,0x38,0x38,0x7a,0x4d,0x31,0x32,0x20,0x34,0x2e,0x31,0x35,0x4c,0x35,0x20,0x38,
  0x2e,0x30,0x39,0x76,0x37,0x2e,0x38,0x32,0x6c,0x37,0x20,0x33,0x2e,0x39,0x34,0x6c,
  0x37,0x2d,0x33,0x2e,0x39,0x34,0x56,0x38,0x2e,0x30,0x39,0x7a,0x22,0x2f,0x3e,0x3c,
  0x2f,0x73,0x76,0x67,0x3e,
  
};

static const unsigned char qt_resource_name[] = {
  // new
  0x0,0x3,
  0x0,0x0,0x74,0xc7,
  0x0,0x6e,
  0x0,0x65,0x0,0x77,
    // prefix1
  0x0,0x7,
  0x7,0x8b,0xd0,0x51,
  0x0,0x70,
  0x0,0x72,0x0,0x65,0x0,0x66,0x0,0x69,0x0,0x78,0x0,0x31,
    // DashiconsLeftright.svg
  0x0,0x16,
  0x3,0x40,0xfa,0xc7,
  0x0,0x44,
  0x0,0x61,0x0,0x73,0x0,0x68,0x0,0x69,0x0,0x63,0x0,0x6f,0x0,0x6e,0x0,0x73,0x0,0x4c,0x0,0x65,0x0,0x66,0x0,0x74,0x0,0x72,0x0,0x69,0x0,0x67,0x0,0x68,
  0x0,0x74,0x0,0x2e,0x0,0x73,0x0,0x76,0x0,0x67,
    // LsArrowup.svg
  0x0,0xd,
  0x8,0x32,0x69,0x47,
  0x0,0x4c,
  0x0,0x73,0x0,0x41,0x0,0x72,0x0,0x72,0x0,0x6f,0x0,0x77,0x0,0x75,0x0,0x70,0x0,0x2e,0x0,0x73,0x0,0x76,0x0,0x67,
    // MdiRectangleOutline.svg
  0x0,0x17,
  0x9,0x40,0xab,0x47,
  0x0,0x4d,
  0x0,0x64,0x0,0x69,0x0,0x52,0x0,0x65,0x0,0x63,0x0,0x74,0x0,0x61,0x0,0x6e,0x0,0x67,0x0,0x6c,0x0,0x65,0x0,0x4f,0x0,0x75,0x0,0x74,0x0,0x6c,0x0,0x69,
  0x0,0x6e,0x0,0x65,0x0,0x2e,0x0,0x73,0x0,0x76,0x0,0x67,
    // FluentSave32Regular.svg
  0x0,0x17,
  0xa,0x7b,0xcb,0x67,
  0x0,0x46,
  0x0,0x6c,0x0,0x75,0x0,0x65,0x0,0x6e,0x0,0x74,0x0,0x53,0x0,0x61,0x0,0x76,0x0,0x65,0x0,0x33,0x0,0x32,0x0,0x52,0x0,0x65,0x0,0x67,0x0,0x75,0x0,0x6c,
  0x0,0x61,0x0,0x72,0x0,0x2e,0x0,0x73,0x0,0x76,0x0,0x67,
    // MdiOcr.svg
  0x0,0xa,
  0x5,0xaf,0x2f,0x7,
  0x0,0x4d,
  0x0,0x64,0x0,0x69,0x0,0x4f,0x0,0x63,0x0,0x72,0x0,0x2e,0x0,0x73,0x0,0x76,0x0,0x67,
    // SimpleLineIconsSizeFullscreen.svg
  0x0,0x21,
  0x1,0xb8,0x2a,0xa7,
  0x0,0x53,
  0x0,0x69,0x0,0x6d,0x0,0x70,0x0,0x6c,0x0,0x65,0x0,0x4c,0x0,0x69,0x0,0x6e,0x0,0x65,0x0,0x49,0x0,0x63,0x0,0x6f,0x0,0x6e,0x0,0x73,0x0,0x53,0x0,0x69,
  0x0,0x7a,0x0,0x65,0x0,0x46,0x0,0x75,0x0,0x6c,0x0,0x6c,0x0,0x73,0x0,0x63,0x0,0x72,0x0,0x65,0x0,0x65,0x0,0x6e,0x0,0x2e,0x0,0x73,0x0,0x76,0x0,0x67,
  
    // MemoryRotateClockwise.svg
  0x0,0x19,
  0xf,0x76,0xff,0x7,
  0x0,0x4d,
  0x0,0x65,0x0,0x6d,0x0,0x6f,0x0,0x72,0x0,0x79,0x0,0x52,0x0,0x6f,0x0,0x74,0x0,0x61,0x0,0x74,0x0,0x65,0x0,0x43,0x0,0x6c,0x0,0x6f,0x0,0x63,0x0,0x6b,
  0x0,0x77,0x0,0x69,0x0,0x73,0x0,0x65,0x0,0x2e,0x0,0x73,0x0,0x76,0x0,0x67,
    // CarbonErase.svg
  0x0,0xf,
  0x9,0xbd,0x25,0xe7,
  0x0,0x43,
  0x0,0x61,0x0,0x72,0x0,0x62,0x0,0x6f,0x0,0x6e,0x0,0x45,0x0,0x72,0x0,0x61,0x0,0x73,0x0,0x65,0x0,0x2e,0x0,0x73,0x0,0x76,0x0,0x67,
    // FadSaveas.svg
  0x0,0xd,
  0x3,0x79,0x6a,0x67,
  0x0,0x46,
  0x0,0x61,0x0,0x64,0x0,0x53,0x0,0x61,0x0,0x76,0x0,0x65,0x0,0x61,0x0,0x73,0x0,0x2e,0x0,0x73,0x0,0x76,0x0,0x67,
    // backup.svg
  0x0,0xa,
  0x2,0xce,0x55,0x87,
  0x0,0x62,
  0x0,0x61,0x0,0x63,0x0,0x6b,0x0,0x75,0x0,0x70,0x0,0x2e,0x0,0x73,0x0,0x76,0x0,0x67,
    // WhhOpenfolderalt.svg
  0x0,0x14,
  0x6,0x2b,0x8c,0x7,
  0x0,0x57,
  0x0,0x68,0x0,0x68,0x0,0x4f,0x0,0x70,0x0,0x65,0x0,0x6e,0x0,0x66,0x0,0x6f,0x0,0x6c,0x0,0x64,0x0,0x65,0x0,0x72,0x0,0x61,0x0,0x6c,0x0,0x74,0x0,0x2e,
  0x0,0x73,0x0,0x76,0x0,0x67,
    // advance.svg
  0x0,0xb,
  0x4,0x5b,0x23,0xc7,
  0x0,0x61,
  0x0,0x64,0x0,0x76,0x0,0x61,0x0,0x6e,0x0,0x63,0x0,0x65,0x0,0x2e,0x0,0x73,0x0,0x76,0x0,0x67,
    // LsArrowright.svg
  0x0,0x10,
  0xe,0xce,0x55,0x7,
  0x0,0x4c,
  0x0,0x73,0x0,0x41,0x0,0x72,0x0,0x72,0x0,0x6f,0x0,0x77,0x0,0x72,0x0,0x69,0x0,0x67,0x0,0x68,0x0,0x74,0x0,0x2e,0x0,0x73,0x0,0x76,0x0,0x67,
    // MdiHeartOutline.svg
  0x0,0x13,
  0x5,0xde,0x60,0x27,
  0x0,0x4d,
  0x0,0x64,0x0,0x69,0x0,0x48,0x0,0x65,0x0,0x61,0x0,0x72,0x0,0x74,0x0,0x4f,0x0,0x75,0x0,0x74,0x0,0x6c,0x0,0x69,0x0,0x6e,0x0,0x65,0x0,0x2e,0x0,0x73,
  0x0,0x76,0x0,0x67,
    // TopcoatRoundedrectangleOutline.svg
  0x0,0x22,
  0x5,0x4a,0x5f,0x47,
  0x0,0x54,
  0x0,0x6f,0x0,0x70,0x0,0x63,0x0,0x6f,0x0,0x61,0x0,0x74,0x0,0x52,0x0,0x6f,0x0,0x75,0x0,0x6e,0x0,0x64,0x0,0x65,0x0,0x64,0x0,0x72,0x0,0x65,0x0,0x63,
  0x0,0x74,0x0,0x61,0x0,0x6e,0x0,0x67,0x0,0x6c,0x0,0x65,0x0,0x4f,0x0,0x75,0x0,0x74,0x0,0x6c,0x0,0x69,0x0,0x6e,0x0,0x65,0x0,0x2e,0x0,0x73,0x0,0x76,
  0x0,0x67,
    // FlatUiPicture.ico
  0x0,0x11,
  0xa,0x81,0x18,0x9f,
  0x0,0x46,
  0x0,0x6c,0x0,0x61,0x0,0x74,0x0,0x55,0x0,0x69,0x0,0x50,0x0,0x69,0x0,0x63,0x0,0x74,0x0,0x75,0x0,0x72,0x0,0x65,0x0,0x2e,0x0,0x69,0x0,0x63,0x0,0x6f,
  
    // IconParkOutlineScreenshotTwo.svg
  0x0,0x20,
  0xc,0xa8,0x94,0xe7,
  0x0,0x49,
  0x0,0x63,0x0,0x6f,0x0,0x6e,0x0,0x50,0x0,0x61,0x0,0x72,0x0,0x6b,0x0,0x4f,0x0,0x75,0x0,0x74,0x0,0x6c,0x0,0x69,0x0,0x6e,0x0,0x65,0x0,0x53,0x0,0x63,
  0x0,0x72,0x0,0x65,0x0,0x65,0x0,0x6e,0x0,0x73,0x0,0x68,0x0,0x6f,0x0,0x74,0x0,0x54,0x0,0x77,0x0,0x6f,0x0,0x2e,0x0,0x73,0x0,0x76,0x0,0x67,
    // GravityUiMagnifierPlus.svg
  0x0,0x1a,
  0x7,0xc0,0x3c,0xc7,
  0x0,0x47,
  0x0,0x72,0x0,0x61,0x0,0x76,0x0,0x69,0x0,0x74,0x0,0x79,0x0,0x55,0x0,0x69,0x0,0x4d,0x0,0x61,0x0,0x67,0x0,0x6e,0x0,0x69,0x0,0x66,0x0,0x69,0x0,0x65,
  0x0,0x72,0x0,0x50,0x0,0x6c,0x0,0x75,0x0,0x73,0x0,0x2e,0x0,0x73,0x0,0x76,0x0,0x67,
    // MdiFill.svg
  0x0,0xb,
  0x0,0x88,0x1,0x67,
  0x0,0x4d,
  0x0,0x64,0x0,0x69,0x0,0x46,0x0,0x69,0x0,0x6c,0x0,0x6c,0x0,0x2e,0x0,0x73,0x0,0x76,0x0,0x67,
    // HugeiconsRightTriangle.svg
  0x0,0x1a,
  0x9,0xad,0xd3,0x27,
  0x0,0x48,
  0x0,0x75,0x0,0x67,0x0,0x65,0x0,0x69,0x0,0x63,0x0,0x6f,0x0,0x6e,0x0,0x73,0x0,0x52,0x0,0x69,0x0,0x67,0x0,0x68,0x0,0x74,0x0,0x54,0x0,0x72,0x0,0x69,
  0x0,0x61,0x0,0x6e,0x0,0x67,0x0,0x6c,0x0,0x65,0x0,0x2e,0x0,0x73,0x0,0x76,0x0,0x67,
    // IconoirLinear.svg
  0x0,0x11,
  0x6,0xb5,0x93,0x7,
  0x0,0x49,
  0x0,0x63,0x0,0x6f,0x0,0x6e,0x0,0x6f,0x0,0x69,0x0,0x72,0x0,0x4c,0x0,0x69,0x0,0x6e,0x0,0x65,0x0,0x61,0x0,0x72,0x0,0x2e,0x0,0x73,0x0,0x76,0x0,0x67,
  
    // MdiHexagramOutline.svg
  0x0,0x16,
  0x7,0x1d,0xe0,0x67,
  0x0,0x4d,
  0x0,0x64,0x0,0x69,0x0,0x48,0x0,0x65,0x0,0x78,0x0,0x61,0x0,0x67,0x0,0x72,0x0,0x61,0x0,0x6d,0x0,0x4f,0x0,0x75,0x0,0x74,0x0,0x6c,0x0,0x69,0x0,0x6e,
  0x0,0x65,0x0,0x2e,0x0,0x73,0x0,0x76,0x0,0x67,
    // five-pointed star.svg
  0x0,0x15,
  0x3,0xc1,0x55,0xe7,
  0x0,0x66,
  0x0,0x69,0x0,0x76,0x0,0x65,0x0,0x2d,0x0,0x70,0x0,0x6f,0x0,0x69,0x0,0x6e,0x0,0x74,0x0,0x65,0x0,0x64,0x0,0x20,0x0,0x73,0x0,0x74,0x0,0x61,0x0,0x72,
  0x0,0x2e,0x0,0x73,0x0,0x76,0x0,0x67,
    // WhhNewwindow.svg
  0x0,0x10,
  0x2,0xe4,0x91,0x7,
  0x0,0x57,
  0x0,0x68,0x0,0x68,0x0,0x4e,0x0,0x65,0x0,0x77,0x0,0x77,0x0,0x69,0x0,0x6e,0x0,0x64,0x0,0x6f,0x0,0x77,0x0,0x2e,0x0,0x73,0x0,0x76,0x0,0x67,
    // OiElevator.svg
  0x0,0xe,
  0x0,0xe0,0xd6,0xa7,
  0x0,0x4f,
  0x0,0x69,0x0,0x45,0x0,0x6c,0x0,0x65,0x0,0x76,0x0,0x61,0x0,0x74,0x0,0x6f,0x0,0x72,0x0,0x2e,0x0,0x73,0x0,0x76,0x0,0x67,
    // set.svg
  0x0,0x7,
  0x9,0xc7,0x5a,0x27,
  0x0,0x73,
  0x0,0x65,0x0,0x74,0x0,0x2e,0x0,0x73,0x0,0x76,0x0,0x67,
    // FaEyedropper.svg
  0x0,0x10,
  0x9,0xa1,0x61,0x7,
  0x0,0x46,
  0x0,0x61,0x0,0x45,0x0,0x79,0x0,0x65,0x0,0x64,0x0,0x72,0x0,0x6f,0x0,0x70,0x0,0x70,0x0,0x65,0x0,0x72,0x0,0x2e,0x0,0x73,0x0,0x76,0x0,0x67,
    // PhLightningFill.svg
  0x0,0x13,
  0x5,0xf4,0x38,0x7,
  0x0,0x50,
  0x0,0x68,0x0,0x4c,0x0,0x69,0x0,0x67,0x0,0x68,0x0,0x74,0x0,0x6e,0x0,0x69,0x0,0x6e,0x0,0x67,0x0,0x46,0x0,0x69,0x0,0x6c,0x0,0x6c,0x0,0x2e,0x0,0x73,
  0x0,0x76,0x0,0x67,
    // SolarExitBoldDuotone.svg
  0x0,0x18,
  0x1,0xa4,0x31,0x27,
  0x0,0x53,
  0x0,0x6f,0x0,0x6c,0x0,0x61,0x0,0x72,0x0,0x45,0x0,0x78,0x0,0x69,0x0,0x74,0x0,0x42,0x0,0x6f,0x0,0x6c,0x0,0x64,0x0,0x44,0x0,0x75,0x0,0x6f,0x0,0x74,
  0x0,0x6f,0x0,0x6e,0x0,0x65,0x0,0x2e,0x0,0x73,0x0,0x76,0x0,0x67,
    // loving heart.svg
  0x0,0x10,
  0x8,0x19,0x5c,0xe7,
  0x0,0x6c,
  0x0,0x6f,0x0,0x76,0x0,0x69,0x0,0x6e,0x0,0x67,0x0,0x20,0x0,0x68,0x0,0x65,0x0,0x61,0x0,0x72,0x0,0x74,0x0,0x2e,0x0,0x73,0x0,0x76,0x0,0x67,
    // ellipse.svg
  0x0,0xb,
  0x7,0x50,0x3c,0xc7,
  0x0,0x65,
  0x0,0x6c,0x0,0x6c,0x0,0x69,0x0,0x70,0x0,0x73,0x0,0x65,0x0,0x2e,0x0,0x73,0x0,0x76,0x0,0x67,
    // F7BubbleMiddleBottom.svg
  0x0,0x18,
  0xd,0x8b,0x55,0x7,
  0x0,0x46,
  0x0,0x37,0x0,0x42,0x0,0x75,0x0,0x62,0x0,0x62,0x0,0x6c,0x0,0x65,0x0,0x4d,0x0,0x69,0x0,0x64,0x0,0x64,0x0,0x6c,0x0,0x65,0x0,0x42,0x0,0x6f,0x0,0x74,
  0x0,0x74,0x0,0x6f,0x0,0x6d,0x0,0x2e,0x0,0x73,0x0,0x76,0x0,0x67,
    // LsArrowleft.svg
  0x0,0xf,
  0xa,0xe4,0xc3,0x67,
  0x0,0x4c,
  0x0,0x73,0x0,0x41,0x0,0x72,0x0,0x72,0x0,0x6f,0x0,0x77,0x0,0x6c,0x0,0x65,0x0,0x66,0x0,0x74,0x0,0x2e,0x0,0x73,0x0,0x76,0x0,0x67,
    // circle.svg
  0x0,0xa,
  0xa,0x2d,0x1b,0xc7,
  0x0,0x63,
  0x0,0x69,0x0,0x72,0x0,0x63,0x0,0x6c,0x0,0x65,0x0,0x2e,0x0,0x73,0x0,0x76,0x0,0x67,
    // MdiThoughtBubble.svg
  0x0,0x14,
  0x9,0x7e,0x9e,0xe7,
  0x0,0x4d,
  0x0,0x64,0x0,0x69,0x0,0x54,0x0,0x68,0x0,0x6f,0x0,0x75,0x0,0x67,0x0,0x68,0x0,0x74,0x0,0x42,0x0,0x75,0x0,0x62,0x0,0x62,0x0,0x6c,0x0,0x65,0x0,0x2e,
  0x0,0x73,0x0,0x76,0x0,0x67,
    // icon.qrc
  0x0,0x8,
  0xa,0x61,0x55,0x63,
  0x0,0x69,
  0x0,0x63,0x0,0x6f,0x0,0x6e,0x0,0x2e,0x0,0x71,0x0,0x72,0x0,0x63,
    // back  up.svg
  0x0,0xc,
  0xa,0xcc,0x60,0x87,
  0x0,0x62,
  0x0,0x61,0x0,0x63,0x0,0x6b,0x0,0x20,0x0,0x20,0x0,0x75,0x0,0x70,0x0,0x2e,0x0,0x73,0x0,0x76,0x0,0x67,
    // MdiEllipse.svg
  0x0,0xe,
  0x2,0x30,0x28,0x27,
  0x0,0x4d,
  0x0,0x64,0x0,0x69,0x0,0x45,0x0,0x6c,0x0,0x6c,0x0,0x69,0x0,0x70,0x0,0x73,0x0,0x65,0x0,0x2e,0x0,0x73,0x0,0x76,0x0,0x67,
    // RiCropLine.svg
  0x0,0xe,
  0x7,0x16,0x86,0xa7,
  0x0,0x52,
  0x0,0x69,0x0,0x43,0x0,0x72,0x0,0x6f,0x0,0x70,0x0,0x4c,0x0,0x69,0x0,0x6e,0x0,0x65,0x0,0x2e,0x0,0x73,0x0,0x76,0x0,0x67,
    // MdiRhombusOutline.svg
  0x0,0x15,
  0xe,0x8d,0xdf,0x87,
  0x0,0x4d,
  0x0,0x64,0x0,0x69,0x0,0x52,0x0,0x68,0x0,0x6f,0x0,0x6d,0x0,0x62,0x0,0x75,0x0,0x73,0x0,0x4f,0x0,0x75,0x0,0x74,0x0,0x6c,0x0,0x69,0x0,0x6e,0x0,0x65,
  0x0,0x2e,0x0,0x73,0x0,0x76,0x0,0x67,
    // MdiTriangleDownOutline.svg
  0x0,0x1a,
  0x0,0xff,0x88,0xe7,
  0x0,0x4d,
  0x0,0x64,0x0,0x69,0x0,0x54,0x0,0x72,0x0,0x69,0x0,0x61,0x0,0x6e,0x0,0x67,0x0,0x6c,0x0,0x65,0x0,0x44,0x0,0x6f,0x0,0x77,0x0,0x6e,0x0,0x4f,0x0,0x75,
  0x0,0x74,0x0,0x6c,0x0,0x69,0x0,0x6e,0x0,0x65,0x0,0x2e,0x0,0x73,0x0,0x76,0x0,0x67,
    // HeroiconsChatBubbleOvalLeft.svg
  0x0,0x1f,
  0xb,0x77,0x7b,0xe7,
  0x0,0x48,
  0x0,0x65,0x0,0x72,0x0,0x6f,0x0,0x69,0x0,0x63,0x0,0x6f,0x0,0x6e,0x0,0x73,0x0,0x43,0x0,0x68,0x0,0x61,0x0,0x74,0x0,0x42,0x0,0x75,0x0,0x62,0x0,0x62,
  0x0,0x6c,0x0,0x65,0x0,0x4f,0x0,0x76,0x0,0x61,0x0,0x6c,0x0,0x4c,0x0,0x65,0x0,0x66,0x0,0x74,0x0,0x2e,0x0,0x73,0x0,0x76,0x0,0x67,
    // LsArrowdown.svg
  0x0,0xf,
  0x8,0x12,0xcc,0x47,
  0x0,0x4c,
  0x0,0x73,0x0,0x41,0x0,0x72,0x0,0x72,0x0,0x6f,0x0,0x77,0x0,0x64,0x0,0x6f,0x0,0x77,0x0,0x6e,0x0,0x2e,0x0,0x73,0x0,0x76,0x0,0x67,
    // PrimeSave.svg
  0x0,0xd,
  0x7,0xe8,0x2e,0xa7,
  0x0,0x50,
  0x0,0x72,0x0,0x69,0x0,0x6d,0x0,0x65,0x0,0x53,0x0,0x61,0x0,0x76,0x0,0x65,0x0,0x2e,0x0,0x73,0x0,0x76,0x0,0x67,
    // MemoryRotateCounterclockwise.svg
  0x0,0x20,
  0x0,0xc9,0xad,0x7,
  0x0,0x4d,
  0x0,0x65,0x0,0x6d,0x0,0x6f,0x0,0x72,0x0,0x79,0x0,0x52,0x0,0x6f,0x0,0x74,0x0,0x61,0x0,0x74,0x0,0x65,0x0,0x43,0x0,0x6f,0x0,0x75,0x0,0x6e,0x0,0x74,
  0x0,0x65,0x0,0x72,0x0,0x63,0x0,0x6c,0x0,0x6f,0x0,0x63,0x0,0x6b,0x0,0x77,0x0,0x69,0x0,0x73,0x0,0x65,0x0,0x2e,0x0,0x73,0x0,0x76,0x0,0x67,
    // MdiStarFourPointsOutline.svg
  0x0,0x1c,
  0xe,0x8,0x8,0x27,
  0x0,0x4d,
  0x0,0x64,0x0,0x69,0x0,0x53,0x0,0x74,0x0,0x61,0x0,0x72,0x0,0x46,0x0,0x6f,0x0,0x75,0x0,0x72,0x0,0x50,0x0,0x6f,0x0,0x69,0x0,0x6e,0x0,0x74,0x0,0x73,
  0x0,0x4f,0x0,0x75,0x0,0x74,0x0,0x6c,0x0,0x69,0x0,0x6e,0x0,0x65,0x0,0x2e,0x0,0x73,0x0,0x76,0x0,0x67,
    // MdiHexagonOutline.svg
  0x0,0x15,
  0xf,0x9c,0xcf,0x87,
  0x0,0x4d,
  0x0,0x64,0x0,0x69,0x0,0x48,0x0,0x65,0x0,0x78,0x0,0x61,0x0,0x67,0x0,0x6f,0x0,0x6e,0x0,0x4f,0x0,0x75,0x0,0x74,0x0,0x6c,0x0,0x69,0x0,0x6e,0x0,0x65,
  0x0,0x2e,0x0,0x73,0x0,0x76,0x0,0x67,
  
};

static const unsigned char qt_resource_struct[] = {
  // :
  0x0,0x0,0x0,0x0,0x0,0x2,0x0,0x0,0x0,0x1,0x0,0x0,0x0,0x1,
0x0,0x0,0x0,0x0,0x0,0x0,0x0,0x0,
  // :/new
  0x0,0x0,0x0,0x0,0x0,0x2,0x0,0x0,0x0,0x1,0x0,0x0,0x0,0x2,
0x0,0x0,0x0,0x0,0x0,0x0,0x0,0x0,
  // :/new/prefix1
  0x0,0x0,0x0,0xc,0x0,0x2,0x0,0x0,0x0,0x2f,0x0,0x0,0x0,0x3,
0x0,0x0,0x0,0x0,0x0,0x0,0x0,0x0,
  // :/new/prefix1/MdiFill.svg
  0x0,0x0,0x3,0x60,0x0,0x0,0x0,0x0,0x0,0x1,0x0,0x0,0x2b,0x7b,
0x0,0x0,0x1,0x92,0xc3,0x86,0x55,0xd1,
  // :/new/prefix1/MemoryRotateCounterclockwise.svg
  0x0,0x0,0x7,0x72,0x0,0x0,0x0,0x0,0x0,0x1,0x0,0x0,0x5b,0x37,
0x0,0x0,0x1,0x95,0x31,0x7e,0x9a,0x84,
  // :/new/prefix1/OiElevator.svg
  0x0,0x0,0x4,0x66,0x0,0x0,0x0,0x0,0x0,0x1,0x0,0x0,0x37,0x7b,
0x0,0x0,0x1,0x95,0x31,0x89,0x2b,0xa0,
  // :/new/prefix1/MdiTriangleDownOutline.svg
  0x0,0x0,0x6,0xb0,0x0,0x0,0x0,0x0,0x0,0x1,0x0,0x0,0x55,0x9b,
0x0,0x0,0x1,0x92,0xc3,0x7a,0x9a,0x87,
  // :/new/prefix1/SolarExitBoldDuotone.svg
  0x0,0x0,0x4,0xee,0x0,0x0,0x0,0x0,0x0,0x1,0x0,0x0,0x3e,0x2a,
0x0,0x0,0x1,0x93,0x6,0xbe,0x7,0x82,
  // :/new/prefix1/SimpleLineIconsSizeFullscreen.svg
  0x0,0x0,0x0,0xf4,0x0,0x0,0x0,0x0,0x0,0x1,0x0,0x0,0x6,0x1c,
0x0,0x0,0x1,0x92,0xc3,0x84,0x13,0x7a,
  // :/new/prefix1/MdiEllipse.svg
  0x0,0x0,0x6,0x3c,0x0,0x0,0x0,0x0,0x0,0x1,0x0,0x0,0x53,0x12,
0x0,0x0,0x1,0x92,0xc3,0x77,0x69,0x89,
  // :/new/prefix1/backup.svg
  0x0,0x0,0x1,0xb8,0x0,0x0,0x0,0x0,0x0,0x1,0x0,0x0,0x16,0x66,
0x0,0x0,0x1,0x94,0x55,0xb4,0x5a,0xf5,
  // :/new/prefix1/WhhNewwindow.svg
  0x0,0x0,0x4,0x40,0x0,0x0,0x0,0x0,0x0,0x1,0x0,0x0,0x33,0xeb,
0x0,0x0,0x1,0x93,0x6,0xbf,0x66,0xbf,
  // :/new/prefix1/DashiconsLeftright.svg
  0x0,0x0,0x0,0x20,0x0,0x0,0x0,0x0,0x0,0x1,0x0,0x0,0x0,0x0,
0x0,0x0,0x1,0x95,0x31,0x88,0x6b,0x51,
  // :/new/prefix1/FadSaveas.svg
  0x0,0x0,0x1,0x98,0x0,0x0,0x0,0x0,0x0,0x1,0x0,0x0,0x10,0x6d,
0x0,0x0,0x1,0x93,0x6,0xbc,0x8,0x2,
  // :/new/prefix1/five-pointed star.svg
  0x0,0x0,0x4,0x10,0x0,0x0,0x0,0x0,0x0,0x1,0x0,0x0,0x31,0x6c,
0x0,0x0,0x1,0x8f,0xc8,0x49,0x37,0xa7,
  // :/new/prefix1/advance.svg
  0x0,0x0,0x2,0x0,0x0,0x0,0x0,0x0,0x0,0x1,0x0,0x0,0x19,0xff,
0x0,0x0,0x1,0x8f,0xc8,0x4e,0x3c,0xda,
  // :/new/prefix1/TopcoatRoundedrectangleOutline.svg
  0x0,0x0,0x2,0x6e,0x0,0x0,0x0,0x0,0x0,0x1,0x0,0x0,0x1f,0x32,
0x0,0x0,0x1,0x92,0xc3,0xa3,0xa,0x36,
  // :/new/prefix1/MdiOcr.svg
  0x0,0x0,0x0,0xda,0x0,0x0,0x0,0x0,0x0,0x1,0x0,0x0,0x4,0xb9,
0x0,0x0,0x1,0x95,0xc2,0xd4,0x60,0xcc,
  // :/new/prefix1/MdiHeartOutline.svg
  0x0,0x0,0x2,0x42,0x0,0x0,0x0,0x0,0x0,0x1,0x0,0x0,0x1d,0x67,
0x0,0x0,0x1,0x92,0xc3,0x79,0x6c,0x34,
  // :/new/prefix1/PhLightningFill.svg
  0x0,0x0,0x4,0xc2,0x0,0x0,0x0,0x0,0x0,0x1,0x0,0x0,0x3d,0x1a,
0x0,0x0,0x1,0x92,0xc3,0x8a,0x23,0xfb,
  // :/new/prefix1/WhhOpenfolderalt.svg
  0x0,0x0,0x1,0xd2,0x0,0x0,0x0,0x0,0x0,0x1,0x0,0x0,0x18,0xbb,
0x0,0x0,0x1,0x93,0x6,0xbf,0xca,0xcf,
  // :/new/prefix1/IconoirLinear.svg
  0x0,0x0,0x3,0xb6,0x0,0x0,0x0,0x0,0x0,0x1,0x0,0x0,0x2f,0x7e,
0x0,0x0,0x1,0x92,0xc3,0x89,0x23,0xf7,
  // :/new/prefix1/RiCropLine.svg
  0x0,0x0,0x6,0x5e,0x0,0x0,0x0,0x0,0x0,0x1,0x0,0x0,0x53,0xc5,
0x0,0x0,0x1,0x92,0xc3,0x86,0xad,0xf4,
  // :/new/prefix1/MdiHexagramOutline.svg
  0x0,0x0,0x3,0xde,0x0,0x0,0x0,0x0,0x0,0x1,0x0,0x0,0x30,0x50,
0x0,0x0,0x1,0x92,0xc3,0x79,0xb8,0x4c,
  // :/new/prefix1/ellipse.svg
  0x0,0x0,0x5,0x4a,0x0,0x0,0x0,0x0,0x0,0x1,0x0,0x0,0x45,0x55,
0x0,0x0,0x1,0x92,0xc3,0x79,0x44,0xa9,
  // :/new/prefix1/GravityUiMagnifierPlus.svg
  0x0,0x0,0x3,0x26,0x0,0x0,0x0,0x0,0x0,0x1,0x0,0x0,0x29,0xca,
0x0,0x0,0x1,0x92,0xc3,0x84,0x57,0xd9,
  // :/new/prefix1/PrimeSave.svg
  0x0,0x0,0x7,0x52,0x0,0x0,0x0,0x0,0x0,0x1,0x0,0x0,0x58,0xf7,
0x0,0x0,0x1,0x93,0x6,0xbb,0x9b,0xd0,
  // :/new/prefix1/LsArrowdown.svg
  0x0,0x0,0x7,0x2e,0x0,0x0,0x0,0x0,0x0,0x1,0x0,0x0,0x57,0xd2,
0x0,0x0,0x1,0x92,0xc3,0x8a,0xcc,0x2f,
  // :/new/prefix1/loving heart.svg
  0x0,0x0,0x5,0x24,0x0,0x0,0x0,0x0,0x0,0x1,0x0,0x0,0x41,0xc,
0x0,0x0,0x1,0x8f,0xc8,0x49,0xa7,0xea,
  // :/new/prefix1/LsArrowup.svg
  0x0,0x0,0x0,0x52,0x0,0x0,0x0,0x0,0x0,0x1,0x0,0x0,0x0,0x9c,
0x0,0x0,0x1,0x92,0xc3,0x8a,0xae,0x8f,
  // :/new/prefix1/MdiRectangleOutline.svg
  0x0,0x0,0x0,0x72,0x0,0x0,0x0,0x0,0x0,0x1,0x0,0x0,0x1,0xcb,
0x0,0x0,0x1,0x92,0xc3,0x79,0xf8,0xa1,
  // :/new/prefix1/MdiThoughtBubble.svg
  0x0,0x0,0x5,0xda,0x0,0x0,0x0,0x0,0x0,0x1,0x0,0x0,0x4c,0x47,
0x0,0x0,0x1,0x92,0xc3,0x8c,0x89,0x2e,
  // :/new/prefix1/FaEyedropper.svg
  0x0,0x0,0x4,0x9c,0x0,0x0,0x0,0x0,0x0,0x1,0x0,0x0,0x3b,0x66,
0x0,0x0,0x1,0x92,0xc3,0x85,0xaa,0xa4,
  // :/new/prefix1/HugeiconsRightTriangle.svg
  0x0,0x0,0x3,0x7c,0x0,0x0,0x0,0x0,0x0,0x1,0x0,0x0,0x2d,0x35,
0x0,0x0,0x1,0x92,0xc3,0xa7,0x69,0x90,
  // :/new/prefix1/CarbonErase.svg
  0x0,0x0,0x1,0x74,0x0,0x0,0x0,0x0,0x0,0x1,0x0,0x0,0xf,0x37,
0x0,0x0,0x1,0x92,0xc3,0x86,0xa,0x5e,
  // :/new/prefix1/set.svg
  0x0,0x0,0x4,0x88,0x0,0x0,0x0,0x0,0x0,0x1,0x0,0x0,0x38,0xb,
0x0,0x0,0x1,0x8f,0xc8,0x3d,0xa0,0x6b,
  // :/new/prefix1/circle.svg
  0x0,0x0,0x5,0xc0,0x0,0x0,0x0,0x0,0x0,0x1,0x0,0x0,0x49,0xe6,
0x0,0x0,0x1,0x8f,0xc8,0x57,0x1c,0x24,
  // :/new/prefix1/icon.qrc
  0x0,0x0,0x6,0x8,0x0,0x1,0x0,0x0,0x0,0x1,0x0,0x0,0x4e,0x9f,
0x0,0x0,0x1,0x9a,0xaf,0xb6,0xf5,0x9d,
  // :/new/prefix1/FluentSave32Regular.svg
  0x0,0x0,0x0,0xa6,0x0,0x0,0x0,0x0,0x0,0x1,0x0,0x0,0x2,0x5e,
0x0,0x0,0x1,0x92,0xc3,0xbf,0x75,0xe4,
  // :/new/prefix1/FlatUiPicture.ico
  0x0,0x0,0x2,0xb8,0x0,0x1,0x0,0x0,0x0,0x1,0x0,0x0,0x20,0x84,
0x0,0x0,0x1,0x92,0xfc,0x28,0xcf,0x7,
  // :/new/prefix1/back  up.svg
  0x0,0x0,0x6,0x1e,0x0,0x0,0x0,0x0,0x0,0x1,0x0,0x0,0x50,0xbd,
0x0,0x0,0x1,0x94,0x50,0x2,0xe0,0x6c,
  // :/new/prefix1/LsArrowleft.svg
  0x0,0x0,0x5,0x9c,0x0,0x0,0x0,0x0,0x0,0x1,0x0,0x0,0x48,0xb7,
0x0,0x0,0x1,0x92,0xc3,0x8a,0xec,0xf,
  // :/new/prefix1/HeroiconsChatBubbleOvalLeft.svg
  0x0,0x0,0x6,0xea,0x0,0x0,0x0,0x0,0x0,0x1,0x0,0x0,0x56,0x33,
0x0,0x0,0x1,0x92,0xc3,0x8f,0x8e,0x62,
  // :/new/prefix1/IconParkOutlineScreenshotTwo.svg
  0x0,0x0,0x2,0xe0,0x0,0x0,0x0,0x0,0x0,0x1,0x0,0x0,0x27,0xce,
0x0,0x0,0x1,0x95,0xc2,0xd0,0x68,0x41,
  // :/new/prefix1/F7BubbleMiddleBottom.svg
  0x0,0x0,0x5,0x66,0x0,0x0,0x0,0x0,0x0,0x1,0x0,0x0,0x46,0x41,
0x0,0x0,0x1,0x92,0xc3,0x8c,0xb4,0xc9,
  // :/new/prefix1/MdiStarFourPointsOutline.svg
  0x0,0x0,0x7,0xb8,0x0,0x0,0x0,0x0,0x0,0x1,0x0,0x0,0x5c,0x55,
0x0,0x0,0x1,0x92,0xc3,0xa5,0x58,0xed,
  // :/new/prefix1/MdiRhombusOutline.svg
  0x0,0x0,0x6,0x80,0x0,0x0,0x0,0x0,0x0,0x1,0x0,0x0,0x54,0x8c,
0x0,0x0,0x1,0x92,0xc3,0x7a,0x52,0x40,
  // :/new/prefix1/LsArrowright.svg
  0x0,0x0,0x2,0x1c,0x0,0x0,0x0,0x0,0x0,0x1,0x0,0x0,0x1c,0x43,
0x0,0x0,0x1,0x92,0xc3,0x8b,0x21,0x95,
  // :/new/prefix1/MemoryRotateClockwise.svg
  0x0,0x0,0x1,0x3c,0x0,0x0,0x0,0x0,0x0,0x1,0x0,0x0,0xe,0x14,
0x0,0x0,0x1,0x95,0x31,0x83,0x9e,0xbf,
  // :/new/prefix1/MdiHexagonOutline.svg
  0x0,0x0,0x7,0xf6,0x0,0x0,0x0,0x0,0x0,0x1,0x0,0x0,0x5d,0x3a,
0x0,0x0,0x1,0x92,0xc3,0x79,0x95,0x90,

};

#ifdef QT_NAMESPACE
#  define QT_RCC_PREPEND_NAMESPACE(name) ::QT_NAMESPACE::name
#  define QT_RCC_MANGLE_NAMESPACE0(x) x
#  define QT_RCC_MANGLE_NAMESPACE1(a, b) a##_##b
#  define QT_RCC_MANGLE_NAMESPACE2(a, b) QT_RCC_MANGLE_NAMESPACE1(a,b)
#  define QT_RCC_MANGLE_NAMESPACE(name) QT_RCC_MANGLE_NAMESPACE2( \
        QT_RCC_MANGLE_NAMESPACE0(name), QT_RCC_MANGLE_NAMESPACE0(QT_NAMESPACE))
#else
#   define QT_RCC_PREPEND_NAMESPACE(name) name
#   define QT_RCC_MANGLE_NAMESPACE(name) name
#endif

#ifdef QT_NAMESPACE
namespace QT_NAMESPACE {
#endif

bool qRegisterResourceData(int, const unsigned char *, const unsigned char *, const unsigned char *);
bool qUnregisterResourceData(int, const unsigned char *, const unsigned char *, const unsigned char *);

#if defined(__ELF__) || defined(__APPLE__)
static inline unsigned char qResourceFeatureZlib()
{
    extern const unsigned char qt_resourceFeatureZlib;
    return qt_resourceFeatureZlib;
}
#else
unsigned char qResourceFeatureZlib();
#endif

#ifdef QT_NAMESPACE
}
#endif

int QT_RCC_MANGLE_NAMESPACE(qInitResources_icon)();
int QT_RCC_MANGLE_NAMESPACE(qInitResources_icon)()
{
    int version = 3;
    QT_RCC_PREPEND_NAMESPACE(qRegisterResourceData)
        (version, qt_resource_struct, qt_resource_name, qt_resource_data);
    return 1;
}

int QT_RCC_MANGLE_NAMESPACE(qCleanupResources_icon)();
int QT_RCC_MANGLE_NAMESPACE(qCleanupResources_icon)()
{
    int version = 3;
    version += QT_RCC_PREPEND_NAMESPACE(qResourceFeatureZlib());
    QT_RCC_PREPEND_NAMESPACE(qUnregisterResourceData)
       (version, qt_resource_struct, qt_resource_name, qt_resource_data);
    return 1;
}

#ifdef __clang__
#   pragma clang diagnostic push
#   pragma clang diagnostic ignored "-Wexit-time-destructors"
#endif

namespace {
   struct initializer {
       initializer() { QT_RCC_MANGLE_NAMESPACE(qInitResources_icon)(); }
       ~initializer() { QT_RCC_MANGLE_NAMESPACE(qCleanupResources_icon)(); }
   } dummy;
}

#ifdef __clang__
#   pragma clang diagnostic pop
#endif
